-- phpMyAdmin SQL Dump
-- version 4.4.3
-- http://www.phpmyadmin.net
--
-- Servidor: localhost
-- Tiempo de generación: 26-05-2015 a las 16:07:06
-- Versión del servidor: 5.6.24
-- Versión de PHP: 5.6.8

SET SQL_MODE = "NO_AUTO_VALUE_ON_ZERO";
SET time_zone = "+00:00";


/*!40101 SET @OLD_CHARACTER_SET_CLIENT=@@CHARACTER_SET_CLIENT */;
/*!40101 SET @OLD_CHARACTER_SET_RESULTS=@@CHARACTER_SET_RESULTS */;
/*!40101 SET @OLD_COLLATION_CONNECTION=@@COLLATION_CONNECTION */;
/*!40101 SET NAMES utf8 */;

--
-- Base de datos: `music_friends_db`
--

-- --------------------------------------------------------

--
-- Estructura de tabla para la tabla `canciones`
--

CREATE TABLE IF NOT EXISTS `canciones` (
  `id_song` bigint(20) NOT NULL,
  `song_name` varchar(256) NOT NULL,
  `song_author` varchar(50) DEFAULT NULL,
  `src_path` varchar(256) NOT NULL,
  `id_src` int(11) DEFAULT NULL,
  `photo` blob,
  `photo_encoded` longtext
) ENGINE=InnoDB AUTO_INCREMENT=76 DEFAULT CHARSET=latin1 ROW_FORMAT=COMPRESSED KEY_BLOCK_SIZE=8;

--
-- Volcado de datos para la tabla `canciones`
--

INSERT INTO `canciones` (`id_song`, `song_name`, `song_author`, `src_path`, `id_src`, `photo`, `photo_encoded`) VALUES
(39, 'Madonna - Like a Prayer.mp3', NULL, '/storage/sdcard/Music/Madona/Madonna - Like a Prayer.mp3', NULL, NULL, NULL),
(40, 'dover - King George.mp3', NULL, '/storage/sdcard/Music/Dover/dover - King George.mp3', NULL, NULL, NULL),
(41, 'dover - King George.mp3', NULL, '/storage/sdcard/Music/Dover/dover - King George.mp3', NULL, NULL, NULL),
(42, 'Peter Schilling - The Different Story.mp3', NULL, '/storage/sdcard/Peter Schilling - The Different Story.mp3', NULL, NULL, NULL),
(43, 'Madonna - Like a Prayer.mp3', NULL, '/storage/sdcard/Madonna - Like a Prayer.mp3', NULL, NULL, NULL),
(44, 'DoYourThing.flac', NULL, '/storage/sdcard/Music/DoYourThing.flac', NULL, NULL, NULL),
(45, 'Debaser.ogg', NULL, '/storage/sdcard/Music/Debaser.ogg', NULL, NULL, NULL),
(46, 'Carmencita.ogg', NULL, '/storage/sdcard/Music/Carmencita.ogg', NULL, NULL, NULL),
(47, 'TheBeautifulPeople.ogg', NULL, '/storage/sdcard/Music/TheBeautifulPeople.ogg', NULL, NULL, NULL),
(48, 'rayman.ogg', NULL, '/storage/sdcard/Music/rayman.ogg', NULL, NULL, NULL),
(49, 'Hate_To_Say_I_Told_You_So.mp3', NULL, '/storage/sdcard/Music/Hate_To_Say_I_Told_You_So.mp3', NULL, NULL, NULL),
(50, 'FunForMe.mp3', NULL, '/storage/sdcard/Music/FunForMe.mp3', NULL, NULL, NULL),
(51, '01. Supremacy.mp3', NULL, '/storage/sdcard/01. Supremacy.mp3', NULL, NULL, NULL),
(52, '01. Supremacy.mp3', '', '/storage/sdcard/01. Supremacy.mp3', NULL, NULL, '_9j_4AAQSkZJRgABAQAAAQABAAD_2wBDAAMCAgMCAgMDAwMEAwMEBQgFBQQEBQoHBwYIDAoMDAsK\nCwsNDhIQDQ4RDgsLEBYQERMUFRUVDA8XGBYUGBIUFRT_2wBDAQMEBAUEBQkFBQkUDQsNFBQUFBQU\nFBQUFBQUFBQUFBQUFBQUFBQUFBQUFBQUFBQUFBQUFBQUFBQUFBQUFBQUFBT_wAARCABLAEsDASIA\nAhEBAxEB_8QAHwAAAQUBAQEBAQEAAAAAAAAAAAECAwQFBgcICQoL_8QAtRAAAgEDAwIEAwUFBAQA\nAAF9AQIDAAQRBRIhMUEGE1FhByJxFDKBkaEII0KxwRVS0fAkM2JyggkKFhcYGRolJicoKSo0NTY3\nODk6Q0RFRkdISUpTVFVWV1hZWmNkZWZnaGlqc3R1dnd4eXqDhIWGh4iJipKTlJWWl5iZmqKjpKWm\np6ipqrKztLW2t7i5usLDxMXGx8jJytLT1NXW19jZ2uHi4-Tl5ufo6erx8vP09fb3-Pn6_8QAHwEA\nAwEBAQEBAQEBAQAAAAAAAAECAwQFBgcICQoL_8QAtREAAgECBAQDBAcFBAQAAQJ3AAECAxEEBSEx\nBhJBUQdhcRMiMoEIFEKRobHBCSMzUvAVYnLRChYkNOEl8RcYGRomJygpKjU2Nzg5OkNERUZHSElK\nU1RVVldYWVpjZGVmZ2hpanN0dXZ3eHl6goOEhYaHiImKkpOUlZaXmJmaoqOkpaanqKmqsrO0tba3\nuLm6wsPExcbHyMnK0tPU1dbX2Nna4uPk5ebn6Onq8vP09fb3-Pn6_9oADAMBAAIRAxEAPwD4c-A3\nwk8F_ELwr4i1LxLrKaXdaU-9Yn1yKxaeLyXYeXG9tKZG8xY0wCOJt2MIxPe6x-zr8MNK0nXrk61c\n3FxpcE0nkWvii0mMzLFE6LH_AKIPMLGUg7MhfLbcQSAfnnw9488R-FtGubbRda1fSYpLhJGfT7-a\nCPO1gQyowBY4Xk84Sugn-LfjKXULyMeJPFwtfs7YtpdauHdD5f32ORld3OMdDjJ6kA87oorT0rwz\nqutwvLYWE91EhIZ41yoIxnJ_EH6c1UYuTtFXGk3ojMpcHBOOB3r6L8EfsrTKNOuvEzSRpcbX-zRH\nBIzggnsRzwfT3r6G0z4QaM_hO_t73RbM26fup12DLIgO1TkZyN2RjkZ9NuO6ngp1KftLq17f18yM\nS3hKcatVe7J2v8rn53rGzhiqkhRkkDoKbX6HXPwp8JzRyWaaXBb2cqLZhYQcFfKBbd75RRnjJA7m\nuA-Lf7L_AIfa18PWfhfT4bWW5a5ubm5V2YszRr5aE4wqKxzgADGR16-fi3DByjCb3_yuejgsDiMb\nGUqa-F8vzu0_ue58YUV0_jD4c6z4JSOTUokWGSV4o5EbIYqzLnHodpI9ue4rmKiM4zV4u6OJxcXa\nSsyZZWFpJGJ2VGdWMAJwxAbDHtkZI_4Efer32-aW9uJJdXuC0lv5bz5dmlGwDyjk5I4288YHpWXX\n0T8MP2egul6Xr-qMJZblhJFbSJhY1ChhuBB3E5OO2MHOTx3YTBzxtX2VN_8AAOeviY4Wm6k1dL1O\nN-F_wfTWkGq-I91rpYfaICWSWTDY-6BnBwy9QQcHkdfofSPDWn-F9IS3toY7NIM7FUBSQecn1z69\neD7U270i6t5HhMZY7dzxY4IP8Q_EdR6D8YtavZotPKyQne6bo2P8WOxx9Mfh-f2v1GGX0rJXb3ff\n_K573D0aOOqe1UrtNWS3s93523t2Pa9B1mz8aeEBONialbHLqMDcm1VVh9CufxOc1MJZb7Sbacna\n8kUTTwq3yGQqQTn6owP4V5F8MEv7fSo7kyAeXkmN2yHUk8EHoOozzgmu01bxZHpfh64upoJZAxDy\nqjbGXnDHnp3yPrg968fDwdKNltJXXltp9_5-R6md5W8VQq0qUlzRacVu3a9-2vL0v01a3KuqeNY9\nU0WwsY0CXr3HIXICkBlHPcfNnjsvqeekvruTbZxQgmQRFiHHMYwOo9c4-p47A1w6T2NtcRT28UbB\nsGNYRllGR3zjv0Pvjpx1t94k0jRNHuL7Vpo7VrQLcMNwHmegIzyckHHU4r8szv63UxUIVFpsra-V\n-5jTxWGp5fJZR8bb5lJpcvM2330TenktOZpngHx48B3fjcMmn3286YRutSpSJGaN2ZpJM4BAROTh\nRuxnmvle_s20--uLV3SRoZGjLxnKtg4yCeoPUV7X8Z_j3d-I7g2Oh6jLYWKNue3t7bylkc8sXO7k\n9BjaenXkivE7i9nupmlllaSRurGvewlF0KSpvZHzCpqn_wAvHNvdtWv5rrrvrqbXw-0SLxH410XT\nJkkkiurqONkiUEkE9DkgAepJ4GT2r738G-AI_CujPbWJN3p0xDI0dx58Skf3SCcevr1PUmvjX9nP\nxNp3hj4nWkuqoHsbqGSzkZgpCbx94gkccdjnngHof0Y8L-H7G4sxLo0sc0c6qzeXLl5cjO7YwBJP\nHbB4r6rLuSKcuazPnsyxFejLSi5Q7r8V5dP8zzm_0UPCJVi_fI2EOTtA6Ng9unQ5rFvdFh1O6KjZ\nIsP_ACzcbWYgcnnrn054r1jXFt4IWgvLcSsVI3RLh8g_Qg46Y7_hXENokt9vSGL7RbZ-V3IRvpyS\nB9P519pRrubSr2tbe_8AXmfNU8xhQTqZfJqV1eL0dtbq1_T4UeeX_iKfTpTHbwi2RONgHAzwfwPo\nc1bsdRTXVRbtsIRt8puhGDzz09f5V1HiHwVGLNPN-Z2OxN7YlDYOADznjnBweOtcRHo82lakLZkl\nIkyFKKFcHGOM5Genr_Otq0aE6Mp02ny3PocLxOuVupbnSvZu1_NPo_8AhjrdV1S103QgEFvEXfAI\nb7pXG4f7vzZyenvwK-Vvin8ZbnWdQ-yWlyGtLcKpSJTsmYYO87vu856Z4xyO3T_Hn4g38ttP4ftE\nvo7eKSOKafyiA7KCTt-bkE45PXb3618_XkEiSvIYZI43bILqR17V-Y1nSlN1aas5bv8Arb5GlHCY\nbG4p5mo2c0rrv5tapNrotvUrE5OaKKK5j6I9M_Z38Pp4k-IsVm0sMbfZ5JEEy8Oy4IUMQQucdSOm\nR3r9ALbTYrOCx-zWMUUmfMeeFCuOTnpuHXrgnt61-cHwq8SWHhTxvp2o6kZktI2IeWDBaMEY3YIO\nfcY6Zr7Vi-KVtpOjDVtHxe6PMF8q6WdQhc_31OPL4AOWGDuxnIrSHK3Zuz_r-rHh4ipWpYyEoz5Y\n6b7Pvr6efya1Xqt14yg1Z7qPUtIngktfv3k02yOT0Y4AIHHXJ-nUjznxN-0V4YuorjR7TVbO3lQb\nPLtrdph15RdoO9-mAN2OvOK5rUfG95400QQ6dfWdzMZfOnlnhSe3mhcthQWU5IwRkDkj0rz3V9Y8\nM_DVhE0dpqGvwxH_AEtLaO1CKecsUTahxxhQXOBnsa56kXSfLztvor7erv8A10PJx9enSqSoYSnz\nVJfyWbSa6txajbu7_celbja7tU1G_wD9EiXeVRZA5BGAwRcFflxldpzz0GRWJq_igzaeF02NUtZs\nN9pJ3ysp7A4AUHrgDPvXzB4u-JGseJdehmEh8-E7LUJGUWMMf4EJJO7uXJJ4PBr3vQ9cFzqTeHp7\nmO61YWqPhsB5mAAY_Xgce1fW8PUqdWpL6xqul3pd7aHz9XKauFcMRibTqNX2-FJ_c99W16Hjfxu0\nqW312DVIJTNHcW6-cGOdrD5eQexwMf7teYxzyQszRu0ZPB2HFfQHxvsrMeGds8j27RzoVKqGLHDA\ngjIyPmJHp6V8-V5-b0Pq-MnFbPX7z9Iw041aMZJW0_IV3aRizMWY9STkmkoorxjqCu2-GPxF1LwX\nezWsMlvJpV7hbq1vQWhbH8XBBB7ZHUHByOK4mik0nozGtRhXg6c1o_6uewa78cVsAbDw5ZwW2nIX\nBiSLy43bIw6kNuC8EbRjjGfQeY3XiK-ur2W783yriVtzSxcPn2b7wHtnFZtFEVyqyOfC4KjhKfs6\na31berb7vu_U7b4X6db3WuXOs6o6_ZdMT7U0lw-FebPyAnuS3OOpAPXGDUTxfdaZ42fxDaziS5tZ\nQ8TN92RunT-6fmP0471iR6lcrpa2IlItGdpTFgYL7cbvrg1n12-3cacacNLO9_P_AIBpGknUlOWt\n1a3kbXiXxlrHi6dZdVvXuiv3VIAVfoBx6_nWLRRXNOcqkuabu_M3hCNOKjBWSCiiioLP_9k=\n'),
(53, 'rayman.ogg', '', '/storage/sdcard/Music/rayman.ogg', NULL, NULL, '_9j_4AAQSkZJRgABAQAAAQABAAD_2wBDAAMCAgMCAgMDAwMEAwMEBQgFBQQEBQoHBwYIDAoMDAsK\nCwsNDhIQDQ4RDgsLEBYQERMUFRUVDA8XGBYUGBIUFRT_2wBDAQMEBAUEBQkFBQkUDQsNFBQUFBQU\nFBQUFBQUFBQUFBQUFBQUFBQUFBQUFBQUFBQUFBQUFBQUFBQUFBQUFBQUFBT_wAARCADXANsDASIA\nAhEBAxEB_8QAHwAAAQUBAQEBAQEAAAAAAAAAAAECAwQFBgcICQoL_8QAtRAAAgEDAwIEAwUFBAQA\nAAF9AQIDAAQRBRIhMUEGE1FhByJxFDKBkaEII0KxwRVS0fAkM2JyggkKFhcYGRolJicoKSo0NTY3\nODk6Q0RFRkdISUpTVFVWV1hZWmNkZWZnaGlqc3R1dnd4eXqDhIWGh4iJipKTlJWWl5iZmqKjpKWm\np6ipqrKztLW2t7i5usLDxMXGx8jJytLT1NXW19jZ2uHi4-Tl5ufo6erx8vP09fb3-Pn6_8QAHwEA\nAwEBAQEBAQEBAQAAAAAAAAECAwQFBgcICQoL_8QAtREAAgECBAQDBAcFBAQAAQJ3AAECAxEEBSEx\nBhJBUQdhcRMiMoEIFEKRobHBCSMzUvAVYnLRChYkNOEl8RcYGRomJygpKjU2Nzg5OkNERUZHSElK\nU1RVVldYWVpjZGVmZ2hpanN0dXZ3eHl6goOEhYaHiImKkpOUlZaXmJmaoqOkpaanqKmqsrO0tba3\nuLm6wsPExcbHyMnK0tPU1dbX2Nna4uPk5ebn6Onq8vP09fb3-Pn6_9oADAMBAAIRAxEAPwD8qqKK\n3vBPheTxXrkVooIhHzSuOyjrz61nUqRpQdSbskBP4O8Baj4vm_cL5Vspw07jgf419BfDr9nUapcR\nwaVo0-s3ZOBKynAP-9wB-Ne4_swfs3H4j3iIYjZeGrEgTSIMGQ_3R9eea-5re78NfCjT10rQtPhj\nZVAZIVC592IHJ4r80x-c1a_NNz9nTX4_qzFyufFGkfsY_EVoQRo0dmpGQGmQ_wAmq_8A8MYfEX_n\nzh_7-r_jX1fP8VdYeVjEII4-ylMkfjUf_C0td_vW_wD36_8Ar18m80wF9ZS-5EXR8qf8MYfEX_nz\nh_7-r_jR_wAMYfEX_nzh_wC_q_419V_8LS13-_B_36_-vSf8LT1z-_B_36_-vS_tTL-8vuQXR8q_\n8MYfEX_nzh_7-r_jR_wxh8Rf-fOH_v6v-NfVY-Kmt4-_B_36_wDr0n_C1Nc_vwf9-v8A69L-1Mv7\nz-5BdHyr_wAMYfEX_nzh_wC_q_40f8MYfEX_AJ84f-_q_wCNfVX_AAtXXP70H_fr_wCvSf8AC1dd\n_v2__fr_AOvR_amX95fcguj5W_4Yv-I3_PnD_wB_V_xo_wCGL_iN_wA-cP8A39X_ABr6p_4Wrr39\n-D_v1_8AXo_4Wpr3_PSD_v1_9ej-1Mv7y-5BdHyt_wAMX_Eb_nzh_wC_q_40f8MX_Eb_AJ84f-_q\n_wCNfVP_AAtTXf78H_fr_wCvR_wtTXf78H_fr_69H9qZf3l9yC6Plb_hjD4i_wDPnD_39X_Gj_hj\nD4i_8-cP_f1f8a-qf-Fqa7_fg_79f_XpP-Fqa7_fg_79f_Xpf2pl_eX3ILo-V_8AhjH4i_8APnD_\nAN_F_wAaT_hjH4jf8-UP_f1f8a-qf-Fq67_fg_79f_Xo_wCFq67_AH4P-_X_ANej-1Mv7y-5BdHy\nt_wxj8Rv-fKH_v6v-NH_AAxj8Rv-fKH_AL-r_jX1R_wtXXP78H_fr_69H_C1dd_v2_8A36_-vR_a\nuX95fcguj5Ul_Yx-Ixjb_QIn_wBnzV5_WvMPiP8Asq-INAgZvEHhV9naWMiTHv8AKTX31_wtXXf7\n9v8A9-v_AK9bOlfFWO5T7Nq1srRPw8ijII_3a3o5rg-a1KrKL7vb8Auj8W_GvwXn0xZLnSS08Sgl\noH--teXOjIxVgVYHBBGCK_ZX9oj9mHSvEWjT-J_B0MdvdxoZZbWEARzL1OAOh6_lX5kfGbwAtpv1\ne0gaKQNtuYguMH1x-ea_Q8qzecqiw2Kd29n3NYy6M8gooor7Q0Cve_2ffDButNE1uC95fziBVPqD\ngfzrwSvrz9mK2jXVfA6AfK-oW5YeuXXNfM8QVHHCKEftMiWx-mXhbRrb4SfCfT7CxQRzNEuWxyZG\nG459e9cJJM8zs7sWdjkknJNeg_FKUraWUQ4QYOPpmvOd1fhudVW8QqPSKRzsdmim5NGTXz1yR1FM\nzRn3ouA7NGRTc0mfY0rgPyKN1NpM0XAduozTc-9GaVwFzRmm5o3ClcB2aM0zdTHuY4vvSKn1IFPc\nCXNLWdda9ZWn-tuFH0Of5VnXXjawgXMZac-i8fzrWNKpP4YsDoc-9GfeuLuPH-U_cW5Df9ND_hUP\n_CYaqkYme0Ah_vlG2_nXTHBV5K9gsd1x6mkzj3rL0TW49ZtjInyuvDIe1aOa4ZJwbjLdAd98MfEB\nju30qc-ZDODsVucHHP4YFfG37Yfwvh8PeP8AU4YYvL03VozIuBwHbO_H0zX0_wCF5DFr1my8HeBX\nm_7esai48JyAYZvPBPrjZX3GT1p1MLq9YPT0_wCHLjsfklf24tL65gGcRyMgz6AkVBXQePoVg8Wa\ngiDC78_pXP1--0Z-0pRn3SOlbBX2D-zLxq_gT_r_ALb_ANDWvj6vr_8AZo41bwL_ANf9t_6GtfNc\nRfwIepEj9L_ii2Y7Pnt_jXnufeu8-JzZjtPp_jXn_wCNfgubyvjJ_L8jne5JmkyKZQDjNeNcQ4MB\nRvpuaTOO9K4D99Jnim5FBai4Dt1IWwCScAVx2reJL681P-ztMRmlL-WAi5Z2zjAFblj8FPiLrLLv\n0u7tA_e53IPxxXuYXKMVi1enFv0TY0my7JqdrECXuYlx2Lis6bxfpkJIMrMR_dXNdjpn7I_iW4IO\np6lZwqf-eEhcj8wK7XSf2QNEtVVr7Wrm8bq0flBB9Mg19LQ4PxtT4oterSLUGeES-PoEY-XbNIvq\nWx_SqI8Z6hfXHl2UAZj0jCb2_SvrnRf2dfAuikPHpbTS92lmdgfwJxXZaf4O0HS1UW2j2MZHRxbJ\nu_PGa-hocENa1ZJfe_8AIpUz4fttF8ba5cqkGlakm7-JbZ1T88Yrqrb9m74g61IjTwwCM4Jea5GQ\nPoa-zYlSFdsaBF9FGBTt1fQ0OEcHT-OTfpZf5lKCPlyy_Y51CQRtc-IYYTwWQW5b8M7q7rTv2TfB\n8UKfa3vbiYfeaOfYD-GK9p3mjdXt0siy-ltST9dfzKUUcTpnwR8FaZarAvh-zuAv8dzErufqcVnf\nFnwfotr8M9Xih0y2hjiiBQRxgbSCOlekZ-tcZ8Yzj4b62f8Apj_WurEYahSw1Tkgl7r6LsOysfFv\ngCQi4ugDwQuR-ddpkVw_gD_j4uuOw_rXbV_MeOf79_I5DU8Nt_xOrT_fFeeft5Nl_CP1uP8A2SvQ\nfDh_4nNr_vivOv27W3P4S_7eP_ZK-lyJ_uKi80XE_LT4if8AI36h_vD-Vc3XSfET_kb9Q_3h_Kub\nr-hMJ_u9P0X5HStgr6__AGaf-Qp4G_6_rb_0Na-QK-vv2av-Qn4H_wCv62_9DWvneIv93h6kSP0k\n-JTfu7T6VwW73ruPiOcx2v0_xrhcZr8AzWV8XL5fkc73Hbvek3Ug4orx7iFzRuptLRcBc1HOT5En\n-6adTJ_9RJ_un-RoT1AofANVl-LlnvAf75wRnnIr7i3H3r4c_Z_b_i7tn_wP-Yr7iLE1_RXCf-5S\n9f0R0Q2DJNHPrSZpAc19saDvxo_Gm5qG5vYLJN9zNHbp_ekYKP1pN2V2BY4oGK47X_i54S8OLm71\nq2f1Fs4lI_BTXnmuftc-FLF9um291qgHXKmHn8RXm1szweH_AItVL5_oLmR7rmlDYr5H1_8AbA1y\n6uWOi6dBZR9kuR5p_MYrgdZ-Ovj3VpZrh9Wu7NcFmW1DRxge1fPYjivAUfhvL8PzJ50feMV9BNK0\ncc8cki9UVwSPwrj_AIzvj4Z67_1yH_oQrwH9kHxBca74v1ie6mkuJmgJaSQ5J5WvdPjvM0fwo8QM\nDgiEc_8AAhXpUccswy2piErJqX4XGndXPjX4fOBcXeSOi_1rsWvIlyC3IrzD4cSPLNfF2LHC8n8a\n7mv5hzCu1iJJLt-RyNnQ-H9RU61agKfvjmuB_bjlMreFPYz_APsldd4c41q0_wB8Vxf7bRy3hb6z\n_wDslfS8O1JSpzT7_oXF6H5g_ET_AJG_UP8AeH8q5uuk-In_ACN-of7w_lXN1_SmE_3en6L8jqWw\nV9e_s2_8hHwR_wBf1t_6GtfIVfXn7N__ACEPBP8A1-23_oa185xH_u8fUiR-jvxEb5LX6VxGa7H4\ngyZS1-lcTvr-eszd8VL5HOyXPsaTJqPdSbjXl3ES7qM-9RbqM_SlcCTcPU1HOR5En-6aCfeopz-4\nk_3TTT1EVP2fm_4u7afST-Yr7geQIpZjgAZJr4c_Z-Yf8Les_pJ_MV9t3jD7JP8A7jfyr-i-E3_s\nMvX9EdENjzDX_wBpzwRobmNbyfUJMkZs4w6g-53CvOfEX7YsiTNHo2iRywnpNcSFGH_AcEV876WL\ne88RC2mIKNK-R69a7mHTtPtWDw2aK47nNfCZjxnjKUuS_L6L_O5DmzW1P9ovx94ldorWdYIW48qC\nFSR_wLrXIXcvizW5ne91G8G7qs9y4X8s4roC5ycALn0GKaTmvh8VxNjMR8Um_VtmbkzmbfwcXLNc\nXBD_AOwM5_Gr8HheyiHzK0jepOK16K8GpmGJqbzt6aE3ZXh062gGEhT6lQTVbXwF0S8AGB5bcD6V\no1neIP8AkC3n_XNv5VyU5OVROTvqI7X9ib_kaNW_69z_ADWvoT4-Nj4SeIf-uS_-hivnr9ij_kZ9\nW_69z_Na-gfj-2PhF4i_65L_AOhiv6Zyb_kQy9J_qdUfhPiH4Zj57_6J_Wu6rhvhkOdR_wCAf1ru\na_nDH_7xL5fkjme5oeHuNYtf98VxH7axy_hf6z_-yV22gf8AIWtv98Vwv7aJy3hf6z_-yV9Rw4_d\nkvP9C4n5k_ET_kb9Q_3h_KubrpPiJ_yN-of7w_lXN1_TeE_3en6L8jrWwV9d_s4f8f3gr_r9t_8A\n0Ja-RK-u_wBnI4vfBX_X5b_-hLXznEn-7R9f0Ikfoj49fclt9P8AGuOzXW-OX-S3-lcjkV_OeYyv\niZfI5nuLyaMUmfY0Z9q8y4rC496KjaQJ1IFQvegZ2jJqXNLcC1xVe6nRLeXJ_hP8jVV7h36n8qgu\nP9RL_un-RrL22ugiH9nu-Evxks0C9pOfxFfcl6x-xz_7jfyNfB37On_JZ7P6Sf0r7tvT_oc_-438\njX9J8INvL5N9_wBEdMNj82PDX_I3p_11k_8AZq9Qry7wz_yN6f8AXWT_ANmr1Gv58zb-P8v1ZzMK\nKKK8UQUUUUAFZ3iD_kC3n_XNv5Vo1neIP-QLef8AXNv5VpS-OPqCOy_Yq_5GbVf-vc_zWvf_ANoA\n_wDFovEX_XJP_QxXz_8AsWHHiXVv-uB_mte-_tAn_i0PiL_rmn_oYr-msn_5EE_Sf6nVH4T4r-GP\nTUv-2f8AWu3rh_hl_wAxL_gH9a7iv5wx_wDvEvl-SOZ7l7QjjVbb_fFcH-2Y24-GPrP_AOy13eif\n8hO3_wB4VwH7Y7Zbwz9Z_wD2WvpeHX8S8_0Lgfmh8RP-Rv1D_eH8q5uuk-In_I36h_vD-Vc3X9P4\nT_d6fovyOtbBX11-zp_x9-C_-vy3_wDQlr5Fr64_Z3OLjwafS7t__Qlr5viX_dY-v6MiZ-hXjZwV\nt_p_jXJ7wK6DxrcDy4MDtXINIzdTX81ZhVX1iVjlbLb3Kr7n2qB7p26fL9KhoryXUkxXFJJ6mkoo\nrMQVHP8A6iX_AHT_ACNSVHP_AKiX_dP8jTW4IzP2df8Aks1p9JP5ivuq8b_Q5_8Acb-VfCv7O3_J\nZbT6SfzFfc96f9En5_gb-Vf03wf_AMi6Xr-iOqGx-b3hn_kb0_66yf8As1eo15d4Z_5G9P8ArrJ_\n7NXqNfz7m38f5fqzmYUUUV4ogorJ1bxPY6RkSyhpP7ic_wD6q5m5-IlxM5Wztdp9HG4n8q7KWErV\ntYx0HY7ys7xB_wAgW8_65t_KuRHijxQR5g09inr9kfFV7vxveTWc9td24DSKV4Xbj867Y5ZiKclK\nSHY9m_YuOPEuq_8AXA_zWvev2gW_4tB4i_65p_6GK8D_AGMePEuq_wDXA_zWveP2gj_xZ_xF_wBc\n0_8ARgr-hMo_5EE_8M_1OiPwnxn8MhxqP_AP6129cR8M-mof8A_rXb1_OOP_AN4l8vyOZ7l3RuNS\ng_3hXnn7YLbj4a-s_wD7LXoOkcajB_vCvO_2vG3Hw39Zv_Za-h4efvtef6MuB-a_xE_5G_UP94fy\nrm66T4if8jfqH-8P5Vzdf1HhP93p-i_I61sFfW_7PRxN4O_6-4P_AEJa-SK-tv2e_wDWeD_-vqD_\nANCWvmuJv90Xr-jImfe3jBspB9K5iuj8VtlYfpXOV_L-Nd68jkYUUUVwiCisPWvF1lpG5N3nTj-B\nO31rnoNf8R-JLpIdKs5N7D5VhTOfxPFehh8BXxHwRGlc72o5_wDUS_7p_kawF-FPxT1EeaPD9_KD\n_EDGP_Zqq6j4Q-Ivh22c3-lXttCB829Ubj8Ca9eXDuPhHncHb0f-Q-Vmr-zv_wAlktfpJ_MV9yXh\nH2Sf_cb-VfC_7OIkHxcsDKrK5RyQwwe1fct43-iT_wC438q_deEVbL5J_wAz_JHRDY_OXwz_AMje\nn_XWT_2avUa8u8M_8jdH_wBdZP616jX8-5t_H-X6s5mFcb4r8VyQzNYWPMpO1mHXPoK3vEmp_wBl\naTNMrASY2pnua1_2YPhknjHxHNr2pRtJY2DZQHlZJfQ9-Mg125DlUsyxEYJbv_h38ioq5e-Ev7L1\n74qiTVvE8klnZuVZLcE-bMvfd0K-x5r6S8NfCjwp4Wsfsllotq6ZzvuY1lf_AL6YZrqEwihQAqjo\nB0p2RX9JZfk2Dy-CVOCcu73_AOAdCSRUXQtNWPYNPtgnTaIlx_KsbXfhj4W8RWElpeaLaBH6vDCq\nP-DAZrpQfxpQ1etOjSqLlnFNehR5z8Ofgjpnwz8S32oaTPJ9juY9gtpPmKHj-InJ6frVj9oNsfB_\nxF_1zj_9GCu_BxXnv7QZ_wCLPeIv-ucf_oxa87E4elhcBWp0Y2jyy0-TFstD46-Gf3dQ_wCAf1rt\n64n4Z_cv_wDgH9a7av5Qx3-8S-X5HI9y1pRxfw_71eb_ALW7Zbw59Zv_AGWvR9N4vYv96vNP2sm3\nHw79Zv8A2Wve4ff723n-jKifnB8RP-Rv1D_eH8q5uuk-In_I36h_vD-Vc3X9TYT_AHen6L8jsWwV\n9a_s-_f8If8AX1B_6EtfJVfWn7P3Xwj_ANfMH_oS18zxP_ui9f0ZE9j7w8THKxfSsCtvxC25YqxK\n_l3FO9VnIFcl4y8UNYA2dq2J2HzOP4R7e9dPeT_ZbSabGfLQvj6Vi_AnwWvxK-JsSXq-bZwZup1J\n-8gIG3P4ivTybL5Y_ExppX1S-Y4q53XwS_Zmk8T28GveKN8VjLh4rTo8g9W9B7EV9S6D4a0vwvYr\nZ6VYw2Vuox5cK4FaMUaQRLGihUUYUDsKCa_p_Lsqw2W01ClH3ur6v-ux1JJBTTg5GBQTTc17Aznp\nfh9oD6_FraadDDqkef8ASYlAds-p79K27xv9En_3G_lUmagvD_ok_wDuN_Kso04U0-RWuI_Ovwx_\nyN0f_XWT-teo15d4Y_5G6P8A66yf1r1Gv5Jzb-P8v1ZyM5T4i_8AIIi_66j-Rr6H_ZIt4rf4c3LR\ntuaS7LP7HavFeCeNrA32iSFc7oiJMDvjPH616R-yD43trZdR8MzukU0sn2mAu3MjYAKgewXNfd8D\nV6dPFxUnvdfNmlM-oN1Lmo80ob1r-gDckB9KUGowfSnBvWgCQGvPP2hmC_B3xGScDZH_AOjFr0AH\nFfPf7XXjuLT_AA7beG4Jc3F6RJcR-kYOVP8A30tePm9eGHwFac_5Wvm9EJvQ8C-Gn3L_AP4B_Wu2\nrl_AGnG10ozuCGmOcH07H9a6iv5PxklKvJo5XuWNO4vIv96vMv2rTk-HfrN_7LXpljxdR_UV5f8A\ntUNuPh_6zf8Aste5kD_fpf1sVE_Of4if8jfqH-8P5VzddJ8RP-Rv1D_eH8q5uv6qwn-70_Rfkdi2\nCvrT9n__AJlL_r5g_wDQlr5Lr6z-ARwvhI_9PMH_AKEK-Y4n_wBzXq_yZE9j7p1xsrHWRWnrByqV\nmV_Ldd3qM5DP8QK7aLebOvlNn6YNdX-xnJCPEurJx9o-zkj125XNYFxALm3lhY4WRSp_GuW-FHjF\n_hX8SYby43LaFjDcBepiJz_QV9hwni6eFxsJ1Nk_wehUHZn36T1phNRWd5DqFpFc28iywyqHR0bI\nIPoakJr-nE01dHUITTSaCaaTTEGarX7hLKcscAI38qmJryj9ob4jReDfBV1aQTldUvl8qHy2AaMH\nPz_p-tcmLxEMJQnWqPRIV7HyF4XUnxcmBkCSTJ_OvUK4b4eadI0lxfSDIb5VJHOepP613NfyVmVR\nVK7t0OViModSrDIPBBrz7U7C-8Ga3DqumM0QjfzI3T-E-lehUyaCO4iaORQ6MMEHvXPhMVPCVOeI\nJ2PYvhL-0XpHjG0hstXmTTtYUBTvOEmPqPf_ABr2KKdJl3I6yL6qc18Fax8P1dml0-Tyj18s_wBP\nSpdM8a-PvBQjitdUvY7dekCPuQ_UCv2vK-OIOChild91v81_kbRn3PvQH0pWlVFJdlQDuxwK-Ll_\naQ-IKx7dgPGNxhbP865_U_iJ8QfGLSwzape-Q45t92xMfjX0FXjLAQjzRTf3L9SuZH0_8UP2g9C8\nAWssNrLHqmrYwlvG2VU-rH0-lfJTS6r8SPEs-rapM8xkffJI3T_dHpVnSvh-7uJtRmLZ5MY659zX\nZ21rFZwrFCgjRRgAV-U59xTVzJ8kdEtktl5-bMnK46GFLeJY41CoowAOwp9FFfnpmTWZxcx_WvLP\n2ozk-H_rN_7LXqVr_r0-teVftPNn-wPrN_7LX0uQv_aYr1_Jlx3Pzu-In_I36h_vD-Vc3XSfET_k\nb9Q_3h_Kubr-rsJ_u9P0X5HYtgr6y-Af3PCf_XxD_wChCvk2vq_4Byq0PhUg8Lcwg_8AfQr5jij_\nAHNfP8mRPY-5dTfcEqhVu-O4Kc5FVK_liq7yZyBXOeLfC41mLz4MLdIOPRh6GujoopVJUZKcNxbF\nb4Q_tA6r8MgdG1aF73Sgw2o5w8HY7fUYHTivqXwv8WfCvi-1jl0_V7ffIcC3mcJL-K5zXyjqvh-z\n1dMTxDf2deCK5a4-H93ayF9PvCuOQSxVv0r9RyfjSrhIKlV1iuj6ej_zNVOx-gZU7c4OD0NU9T1O\n00e3M99cR2kI_wCWkzBR-Zr4Jig8YWq7I9QvCo_6bsf5mo38P-JdVYi61CYqeonncj8q-vlx5hlG\n8aev-L_gF86Ppr4jftM-H_C8E9tpEg1fUgMIYiDEPfcM5x6V8yX95rXxQ199S1KVnDHlyPlRfRRW\nlpfw-trdhJdyGdv7n8NdTBBHbxiOJAiDoAK_Oc64qxGZe6np2W3_AAWZuVxllZx2FrHBEMIgwKno\nor4Ftt3ZmFFFFIAooooAXJ9aSiigAooooAKKKKAJLc4mX615P-0w27-wfrL_AOy16vB_rV-teSft\nJuGOhDOceb_7LX0WRP8A2uK9fyZcdz89viJ_yN-of7w_lXN10PxAkWXxbqDKcjeB-lc9X9Y4T_d4\nei_I7FsFfQH7P_iNINIjjjJa6sLgTEH3OV_lXz_XTfD7xa3hLXUnYsbaT5JUB4x64745rhzbCPGY\nSVNb7oUldH6s6JqsWvaFa3kLhw8YJI9e_wCtTV89_Bn4rQaPElrPL5ml3GGjkBz5ZP8Ak19BwXEF\n7Cs9vIssTjIdTkGv5SzLAVMFWcZLTo_66nG1YWil2mjBrx7EiUUuDRg0WASilwaMGiwCUUuDRg0W\nASilwaMGiwCUUuDRg0WASilwaMGiwCUUuDRg0WASilwaMGiwCUUuDShPU0WAfbL8249BXzr-0D4w\nin1qZSwa102IsWHPOPmH6V6b8R_ibaeF7KWztJFm1GRSoVTny_c-hr4e-NXj_dHLpUE7SXc7b7iV\nW6eoPrnnNfo3CmT1cViFUa06fqzWEbnjmp3IvNRupwSVklZgT6EnFVqKK_paKUUkjrFVc1LHGDmo\nQcVIku2mI7rwN8Qrvws4gkzcWLHmMnlfcV9BeAvja1uqnS9V2EjLW0pzgemD0_CvklJxViK6KHKs\nR9DivnMxyLC5hdzVm_ufqiHG599W37QupomDY2k_-0ZSM_lU3_DRGo_9Auz_AO_zV8I2niG8tU2R\nXUiL6Bqtp4r1D_n9l_OvkHwJhL6W_H_Mj2aPuP8A4aI1H_oF2f8A3-aj_hofUv8AoFWf_f5q-Ik8\nVah_z-S_nUqeKb__AJ_JPzqf9Q8J2X4_5i5EfbH_AA0PqX_QKs_-_wA1H_DQ-pf9Aqz_AO_zV8Wp\n4qvv-fuT86lXxTe4_wCPqQ_jR_qHhPL8f8xciPs3_hofUv8AoFWf_f5qP-Gh9S_6BVn_AN_mr42T\nxTef8_T_AJ1Iviq8wf8ASX_On_qHhPL8f8w5EfYv_DQ2pf8AQKs_-_zUf8NDal_0CrP_AL_NXx6P\nFd3_AM_L_nR_wld5_wA_L_nR_qHhPL8f8w5UfYX_AA0NqX_QKs_-_wA1H_DQ2pf9Aqz_AO_zV8e_\n8JXd_wDPy_50h8VXn_Py_wCdH-oeE8vx_wAw5EfYf_DQ-pf9Aqz_AO_zUf8ADQ-pf9Aqz_7_ADV8\ncHxVef8AP0_51GfFN5_z9SfnR_qHhPL8f8w5EfZf_DQ-pf8AQKs_-_zUf8ND6l_0CrP_AL_NXxef\nFN9z_pcn51E3iq-_5_JPzpf6h4Ty_H_MfIj7V_4aI1H_AKBdn_3-aj_hojUf-gXZ_wDf5q-JG8VX\n4z_pkv8A31ULeK9Q_wCf2X86P9Q8L2X4_wCYciPuA_tEalg_8SuzH_bZq5nxT8edRntJDPfQ6bb4\n-YRnP69a-Pn8VaiQR9tlx9azJr95CxaRmz1ya6KHA-Dpy5nb7r_mxqCPV_G3xi80TQaYzTSvkNdO\nc_iPWvHrp3uZnllYvIxyWY5JNDTj1qBp8197g8DQwUOSivn1NErDCnWmUpfOaSu8sKKKKACjJHei\nigBwkYd6UTsO9FFADxdOKct6woooFYet-wpw1Fh60UUBYcNRYetPGpsO9FFAWFGqNS_2o3vRRQJI\nP7Ub3pv9qN60UUDsNOpN7006i3vRRQFhv9oN70w3zUUUBYabt6Ybhz3oooCw3zW9aQsT3oooGJRR\nRQAUUUUAf__Z\n'),
(54, 'Debaser.ogg', '', '/storage/sdcard/Music/Debaser.ogg', NULL, NULL, '_9j_4AAQSkZJRgABAQAAAQABAAD_2wBDAAMCAgMCAgMDAwMEAwMEBQgFBQQEBQoHBwYIDAoMDAsK\nCwsNDhIQDQ4RDgsLEBYQERMUFRUVDA8XGBYUGBIUFRT_2wBDAQMEBAUEBQkFBQkUDQsNFBQUFBQU\nFBQUFBQUFBQUFBQUFBQUFBQUFBQUFBQUFBQUFBQUFBQUFBQUFBQUFBQUFBT_wAARCADXANsDASIA\nAhEBAxEB_8QAHwAAAQUBAQEBAQEAAAAAAAAAAAECAwQFBgcICQoL_8QAtRAAAgEDAwIEAwUFBAQA\nAAF9AQIDAAQRBRIhMUEGE1FhByJxFDKBkaEII0KxwRVS0fAkM2JyggkKFhcYGRolJicoKSo0NTY3\nODk6Q0RFRkdISUpTVFVWV1hZWmNkZWZnaGlqc3R1dnd4eXqDhIWGh4iJipKTlJWWl5iZmqKjpKWm\np6ipqrKztLW2t7i5usLDxMXGx8jJytLT1NXW19jZ2uHi4-Tl5ufo6erx8vP09fb3-Pn6_8QAHwEA\nAwEBAQEBAQEBAQAAAAAAAAECAwQFBgcICQoL_8QAtREAAgECBAQDBAcFBAQAAQJ3AAECAxEEBSEx\nBhJBUQdhcRMiMoEIFEKRobHBCSMzUvAVYnLRChYkNOEl8RcYGRomJygpKjU2Nzg5OkNERUZHSElK\nU1RVVldYWVpjZGVmZ2hpanN0dXZ3eHl6goOEhYaHiImKkpOUlZaXmJmaoqOkpaanqKmqsrO0tba3\nuLm6wsPExcbHyMnK0tPU1dbX2Nna4uPk5ebn6Onq8vP09fb3-Pn6_9oADAMBAAIRAxEAPwD8qqKK\n3vBPheTxXrkVooIhHzSuOyjrz61nUqRpQdSbskBP4O8Baj4vm_cL5Vspw07jgf419BfDr9nUapcR\nwaVo0-s3ZOBKynAP-9wB-Ne4_swfs3H4j3iIYjZeGrEgTSIMGQ_3R9eea-5re78NfCjT10rQtPhj\nZVAZIVC592IHJ4r80x-c1a_NNz9nTX4_qzFyufFGkfsY_EVoQRo0dmpGQGmQ_wAmq_8A8MYfEX_n\nzh_7-r_jX1fP8VdYeVjEII4-ylMkfjUf_C0td_vW_wD36_8Ar18m80wF9ZS-5EXR8qf8MYfEX_nz\nh_7-r_jR_wAMYfEX_nzh_wC_q_419V_8LS13-_B_36_-vSf8LT1z-_B_36_-vS_tTL-8vuQXR8q_\n8MYfEX_nzh_7-r_jR_wxh8Rf-fOH_v6v-NfVY-Kmt4-_B_36_wDr0n_C1Nc_vwf9-v8A69L-1Mv7\nz-5BdHyr_wAMYfEX_nzh_wC_q_40f8MYfEX_AJ84f-_q_wCNfVX_AAtXXP70H_fr_wCvSf8AC1dd\n_v2__fr_AOvR_amX95fcguj5W_4Yv-I3_PnD_wB_V_xo_wCGL_iN_wA-cP8A39X_ABr6p_4Wrr39\n-D_v1_8AXo_4Wpr3_PSD_v1_9ej-1Mv7y-5BdHyt_wAMX_Eb_nzh_wC_q_40f8MX_Eb_AJ84f-_q\n_wCNfVP_AAtTXf78H_fr_wCvR_wtTXf78H_fr_69H9qZf3l9yC6Plb_hjD4i_wDPnD_39X_Gj_hj\nD4i_8-cP_f1f8a-qf-Fqa7_fg_79f_XpP-Fqa7_fg_79f_Xpf2pl_eX3ILo-V_8AhjH4i_8APnD_\nAN_F_wAaT_hjH4jf8-UP_f1f8a-qf-Fq67_fg_79f_Xo_wCFq67_AH4P-_X_ANej-1Mv7y-5BdHy\nt_wxj8Rv-fKH_v6v-NH_AAxj8Rv-fKH_AL-r_jX1R_wtXXP78H_fr_69H_C1dd_v2_8A36_-vR_a\nuX95fcguj5Ul_Yx-Ixjb_QIn_wBnzV5_WvMPiP8Asq-INAgZvEHhV9naWMiTHv8AKTX31_wtXXf7\n9v8A9-v_AK9bOlfFWO5T7Nq1srRPw8ijII_3a3o5rg-a1KrKL7vb8Auj8W_GvwXn0xZLnSS08Sgl\noH--teXOjIxVgVYHBBGCK_ZX9oj9mHSvEWjT-J_B0MdvdxoZZbWEARzL1OAOh6_lX5kfGbwAtpv1\ne0gaKQNtuYguMH1x-ea_Q8qzecqiw2Kd29n3NYy6M8gooor7Q0Cve_2ffDButNE1uC95fziBVPqD\ngfzrwSvrz9mK2jXVfA6AfK-oW5YeuXXNfM8QVHHCKEftMiWx-mXhbRrb4SfCfT7CxQRzNEuWxyZG\nG459e9cJJM8zs7sWdjkknJNeg_FKUraWUQ4QYOPpmvOd1fhudVW8QqPSKRzsdmim5NGTXz1yR1FM\nzRn3ouA7NGRTc0mfY0rgPyKN1NpM0XAduozTc-9GaVwFzRmm5o3ClcB2aM0zdTHuY4vvSKn1IFPc\nCXNLWdda9ZWn-tuFH0Of5VnXXjawgXMZac-i8fzrWNKpP4YsDoc-9GfeuLuPH-U_cW5Df9ND_hUP\n_CYaqkYme0Ah_vlG2_nXTHBV5K9gsd1x6mkzj3rL0TW49ZtjInyuvDIe1aOa4ZJwbjLdAd98MfEB\nju30qc-ZDODsVucHHP4YFfG37Yfwvh8PeP8AU4YYvL03VozIuBwHbO_H0zX0_wCF5DFr1my8HeBX\nm_7esai48JyAYZvPBPrjZX3GT1p1MLq9YPT0_wCHLjsfklf24tL65gGcRyMgz6AkVBXQePoVg8Wa\ngiDC78_pXP1--0Z-0pRn3SOlbBX2D-zLxq_gT_r_ALb_ANDWvj6vr_8AZo41bwL_ANf9t_6GtfNc\nRfwIepEj9L_ii2Y7Pnt_jXnufeu8-JzZjtPp_jXn_wCNfgubyvjJ_L8jne5JmkyKZQDjNeNcQ4MB\nRvpuaTOO9K4D99Jnim5FBai4Dt1IWwCScAVx2reJL681P-ztMRmlL-WAi5Z2zjAFblj8FPiLrLLv\n0u7tA_e53IPxxXuYXKMVi1enFv0TY0my7JqdrECXuYlx2Lis6bxfpkJIMrMR_dXNdjpn7I_iW4IO\np6lZwqf-eEhcj8wK7XSf2QNEtVVr7Wrm8bq0flBB9Mg19LQ4PxtT4oterSLUGeES-PoEY-XbNIvq\nWx_SqI8Z6hfXHl2UAZj0jCb2_SvrnRf2dfAuikPHpbTS92lmdgfwJxXZaf4O0HS1UW2j2MZHRxbJ\nu_PGa-hocENa1ZJfe_8AIpUz4fttF8ba5cqkGlakm7-JbZ1T88Yrqrb9m74g61IjTwwCM4Jea5GQ\nPoa-zYlSFdsaBF9FGBTt1fQ0OEcHT-OTfpZf5lKCPlyy_Y51CQRtc-IYYTwWQW5b8M7q7rTv2TfB\n8UKfa3vbiYfeaOfYD-GK9p3mjdXt0siy-ltST9dfzKUUcTpnwR8FaZarAvh-zuAv8dzErufqcVnf\nFnwfotr8M9Xih0y2hjiiBQRxgbSCOlekZ-tcZ8Yzj4b62f8Apj_WurEYahSw1Tkgl7r6LsOysfFv\ngCQi4ugDwQuR-ddpkVw_gD_j4uuOw_rXbV_MeOf79_I5DU8Nt_xOrT_fFeeft5Nl_CP1uP8A2SvQ\nfDh_4nNr_vivOv27W3P4S_7eP_ZK-lyJ_uKi80XE_LT4if8AI36h_vD-Vc3XSfET_kb9Q_3h_Kub\nr-hMJ_u9P0X5HStgr6__AGaf-Qp4G_6_rb_0Na-QK-vv2av-Qn4H_wCv62_9DWvneIv93h6kSP0k\n-JTfu7T6VwW73ruPiOcx2v0_xrhcZr8AzWV8XL5fkc73Hbvek3Ug4orx7iFzRuptLRcBc1HOT5En\n-6adTJ_9RJ_un-RoT1AofANVl-LlnvAf75wRnnIr7i3H3r4c_Z_b_i7tn_wP-Yr7iLE1_RXCf-5S\n9f0R0Q2DJNHPrSZpAc19saDvxo_Gm5qG5vYLJN9zNHbp_ekYKP1pN2V2BY4oGK47X_i54S8OLm71\nq2f1Fs4lI_BTXnmuftc-FLF9um291qgHXKmHn8RXm1szweH_AItVL5_oLmR7rmlDYr5H1_8AbA1y\n6uWOi6dBZR9kuR5p_MYrgdZ-Ovj3VpZrh9Wu7NcFmW1DRxge1fPYjivAUfhvL8PzJ50feMV9BNK0\ncc8cki9UVwSPwrj_AIzvj4Z67_1yH_oQrwH9kHxBca74v1ie6mkuJmgJaSQ5J5WvdPjvM0fwo8QM\nDgiEc_8AAhXpUccswy2piErJqX4XGndXPjX4fOBcXeSOi_1rsWvIlyC3IrzD4cSPLNfF2LHC8n8a\n7mv5hzCu1iJJLt-RyNnQ-H9RU61agKfvjmuB_bjlMreFPYz_APsldd4c41q0_wB8Vxf7bRy3hb6z\n_wDslfS8O1JSpzT7_oXF6H5g_ET_AJG_UP8AeH8q5uuk-In_ACN-of7w_lXN1_SmE_3en6L8jqWw\nV9e_s2_8hHwR_wBf1t_6GtfIVfXn7N__ACEPBP8A1-23_oa185xH_u8fUiR-jvxEb5LX6VxGa7H4\ngyZS1-lcTvr-eszd8VL5HOyXPsaTJqPdSbjXl3ES7qM-9RbqM_SlcCTcPU1HOR5En-6aCfeopz-4\nk_3TTT1EVP2fm_4u7afST-Yr7geQIpZjgAZJr4c_Z-Yf8Les_pJ_MV9t3jD7JP8A7jfyr-i-E3_s\nMvX9EdENjzDX_wBpzwRobmNbyfUJMkZs4w6g-53CvOfEX7YsiTNHo2iRywnpNcSFGH_AcEV876WL\ne88RC2mIKNK-R69a7mHTtPtWDw2aK47nNfCZjxnjKUuS_L6L_O5DmzW1P9ovx94ldorWdYIW48qC\nFSR_wLrXIXcvizW5ne91G8G7qs9y4X8s4roC5ycALn0GKaTmvh8VxNjMR8Um_VtmbkzmbfwcXLNc\nXBD_AOwM5_Gr8HheyiHzK0jepOK16K8GpmGJqbzt6aE3ZXh062gGEhT6lQTVbXwF0S8AGB5bcD6V\no1neIP8AkC3n_XNv5VyU5OVROTvqI7X9ib_kaNW_69z_ADWvoT4-Nj4SeIf-uS_-hivnr9ij_kZ9\nW_69z_Na-gfj-2PhF4i_65L_AOhiv6Zyb_kQy9J_qdUfhPiH4Zj57_6J_Wu6rhvhkOdR_wCAf1ru\na_nDH_7xL5fkjme5oeHuNYtf98VxH7axy_hf6z_-yV22gf8AIWtv98Vwv7aJy3hf6z_-yV9Rw4_d\nkvP9C4n5k_ET_kb9Q_3h_KubrpPiJ_yN-of7w_lXN1_TeE_3en6L8jrWwV9d_s4f8f3gr_r9t_8A\n0Ja-RK-u_wBnI4vfBX_X5b_-hLXznEn-7R9f0Ikfoj49fclt9P8AGuOzXW-OX-S3-lcjkV_OeYyv\niZfI5nuLyaMUmfY0Z9q8y4rC496KjaQJ1IFQvegZ2jJqXNLcC1xVe6nRLeXJ_hP8jVV7h36n8qgu\nP9RL_un-RrL22ugiH9nu-Evxks0C9pOfxFfcl6x-xz_7jfyNfB37On_JZ7P6Sf0r7tvT_oc_-438\njX9J8INvL5N9_wBEdMNj82PDX_I3p_11k_8AZq9Qry7wz_yN6f8AXWT_ANmr1Gv58zb-P8v1ZzMK\nKKK8UQUUUUAFZ3iD_kC3n_XNv5Vo1neIP-QLef8AXNv5VpS-OPqCOy_Yq_5GbVf-vc_zWvf_ANoA\n_wDFovEX_XJP_QxXz_8AsWHHiXVv-uB_mte-_tAn_i0PiL_rmn_oYr-msn_5EE_Sf6nVH4T4r-GP\nTUv-2f8AWu3rh_hl_wAxL_gH9a7iv5wx_wDvEvl-SOZ7l7QjjVbb_fFcH-2Y24-GPrP_AOy13eif\n8hO3_wB4VwH7Y7Zbwz9Z_wD2WvpeHX8S8_0Lgfmh8RP-Rv1D_eH8q5uuk-In_I36h_vD-Vc3X9P4\nT_d6fovyOtbBX11-zp_x9-C_-vy3_wDQlr5Fr64_Z3OLjwafS7t__Qlr5viX_dY-v6MiZ-hXjZwV\nt_p_jXJ7wK6DxrcDy4MDtXINIzdTX81ZhVX1iVjlbLb3Kr7n2qB7p26fL9KhoryXUkxXFJJ6mkoo\nrMQVHP8A6iX_AHT_ACNSVHP_AKiX_dP8jTW4IzP2df8Aks1p9JP5ivuq8b_Q5_8Acb-VfCv7O3_J\nZbT6SfzFfc96f9En5_gb-Vf03wf_AMi6Xr-iOqGx-b3hn_kb0_66yf8As1eo15d4Z_5G9P8ArrJ_\n7NXqNfz7m38f5fqzmYUUUV4ogorJ1bxPY6RkSyhpP7ic_wD6q5m5-IlxM5Wztdp9HG4n8q7KWErV\ntYx0HY7ys7xB_wAgW8_65t_KuRHijxQR5g09inr9kfFV7vxveTWc9td24DSKV4Xbj867Y5ZiKclK\nSHY9m_YuOPEuq_8AXA_zWvev2gW_4tB4i_65p_6GK8D_AGMePEuq_wDXA_zWveP2gj_xZ_xF_wBc\n0_8ARgr-hMo_5EE_8M_1OiPwnxn8MhxqP_AP6129cR8M-mof8A_rXb1_OOP_AN4l8vyOZ7l3RuNS\ng_3hXnn7YLbj4a-s_wD7LXoOkcajB_vCvO_2vG3Hw39Zv_Za-h4efvtef6MuB-a_xE_5G_UP94fy\nrm66T4if8jfqH-8P5Vzdf1HhP93p-i_I61sFfW_7PRxN4O_6-4P_AEJa-SK-tv2e_wDWeD_-vqD_\nANCWvmuJv90Xr-jImfe3jBspB9K5iuj8VtlYfpXOV_L-Nd68jkYUUUVwiCisPWvF1lpG5N3nTj-B\nO31rnoNf8R-JLpIdKs5N7D5VhTOfxPFehh8BXxHwRGlc72o5_wDUS_7p_kawF-FPxT1EeaPD9_KD\n_EDGP_Zqq6j4Q-Ivh22c3-lXttCB829Ubj8Ca9eXDuPhHncHb0f-Q-Vmr-zv_wAlktfpJ_MV9yXh\nH2Sf_cb-VfC_7OIkHxcsDKrK5RyQwwe1fct43-iT_wC438q_deEVbL5J_wAz_JHRDY_OXwz_AMje\nn_XWT_2avUa8u8M_8jdH_wBdZP616jX8-5t_H-X6s5mFcb4r8VyQzNYWPMpO1mHXPoK3vEmp_wBl\naTNMrASY2pnua1_2YPhknjHxHNr2pRtJY2DZQHlZJfQ9-Mg125DlUsyxEYJbv_h38ioq5e-Ev7L1\n74qiTVvE8klnZuVZLcE-bMvfd0K-x5r6S8NfCjwp4Wsfsllotq6ZzvuY1lf_AL6YZrqEwihQAqjo\nB0p2RX9JZfk2Dy-CVOCcu73_AOAdCSRUXQtNWPYNPtgnTaIlx_KsbXfhj4W8RWElpeaLaBH6vDCq\nP-DAZrpQfxpQ1etOjSqLlnFNehR5z8Ofgjpnwz8S32oaTPJ9juY9gtpPmKHj-InJ6frVj9oNsfB_\nxF_1zj_9GCu_BxXnv7QZ_wCLPeIv-ucf_oxa87E4elhcBWp0Y2jyy0-TFstD46-Gf3dQ_wCAf1rt\n64n4Z_cv_wDgH9a7av5Qx3-8S-X5HI9y1pRxfw_71eb_ALW7Zbw59Zv_AGWvR9N4vYv96vNP2sm3\nHw79Zv8A2Wve4ff723n-jKifnB8RP-Rv1D_eH8q5uuk-In_I36h_vD-Vc3X9TYT_AHen6L8jsWwV\n9a_s-_f8If8AX1B_6EtfJVfWn7P3Xwj_ANfMH_oS18zxP_ui9f0ZE9j7w8THKxfSsCtvxC25YqxK\n_l3FO9VnIFcl4y8UNYA2dq2J2HzOP4R7e9dPeT_ZbSabGfLQvj6Vi_AnwWvxK-JsSXq-bZwZup1J\n-8gIG3P4ivTybL5Y_ExppX1S-Y4q53XwS_Zmk8T28GveKN8VjLh4rTo8g9W9B7EV9S6D4a0vwvYr\nZ6VYw2Vuox5cK4FaMUaQRLGihUUYUDsKCa_p_Lsqw2W01ClH3ur6v-ux1JJBTTg5GBQTTc17Aznp\nfh9oD6_FraadDDqkef8ASYlAds-p79K27xv9En_3G_lUmagvD_ok_wDuN_Kso04U0-RWuI_Ovwx_\nyN0f_XWT-teo15d4Y_5G6P8A66yf1r1Gv5Jzb-P8v1ZyM5T4i_8AIIi_66j-Rr6H_ZIt4rf4c3LR\ntuaS7LP7HavFeCeNrA32iSFc7oiJMDvjPH616R-yD43trZdR8MzukU0sn2mAu3MjYAKgewXNfd8D\nV6dPFxUnvdfNmlM-oN1Lmo80ob1r-gDckB9KUGowfSnBvWgCQGvPP2hmC_B3xGScDZH_AOjFr0AH\nFfPf7XXjuLT_AA7beG4Jc3F6RJcR-kYOVP8A30tePm9eGHwFac_5Wvm9EJvQ8C-Gn3L_AP4B_Wu2\nrl_AGnG10ozuCGmOcH07H9a6iv5PxklKvJo5XuWNO4vIv96vMv2rTk-HfrN_7LXpljxdR_UV5f8A\ntUNuPh_6zf8Aste5kD_fpf1sVE_Of4if8jfqH-8P5VzddJ8RP-Rv1D_eH8q5uv6qwn-70_Rfkdi2\nCvrT9n__AJlL_r5g_wDQlr5Lr6z-ARwvhI_9PMH_AKEK-Y4n_wBzXq_yZE9j7p1xsrHWRWnrByqV\nmV_Ldd3qM5DP8QK7aLebOvlNn6YNdX-xnJCPEurJx9o-zkj125XNYFxALm3lhY4WRSp_GuW-FHjF\n_hX8SYby43LaFjDcBepiJz_QV9hwni6eFxsJ1Nk_wehUHZn36T1phNRWd5DqFpFc28iywyqHR0bI\nIPoakJr-nE01dHUITTSaCaaTTEGarX7hLKcscAI38qmJryj9ob4jReDfBV1aQTldUvl8qHy2AaMH\nPz_p-tcmLxEMJQnWqPRIV7HyF4XUnxcmBkCSTJ_OvUK4b4eadI0lxfSDIb5VJHOepP613NfyVmVR\nVK7t0OViModSrDIPBBrz7U7C-8Ga3DqumM0QjfzI3T-E-lehUyaCO4iaORQ6MMEHvXPhMVPCVOeI\nJ2PYvhL-0XpHjG0hstXmTTtYUBTvOEmPqPf_ABr2KKdJl3I6yL6qc18Fax8P1dml0-Tyj18s_wBP\nSpdM8a-PvBQjitdUvY7dekCPuQ_UCv2vK-OIOChild91v81_kbRn3PvQH0pWlVFJdlQDuxwK-Ll_\naQ-IKx7dgPGNxhbP865_U_iJ8QfGLSwzape-Q45t92xMfjX0FXjLAQjzRTf3L9SuZH0_8UP2g9C8\nAWssNrLHqmrYwlvG2VU-rH0-lfJTS6r8SPEs-rapM8xkffJI3T_dHpVnSvh-7uJtRmLZ5MY659zX\nZ21rFZwrFCgjRRgAV-U59xTVzJ8kdEtktl5-bMnK46GFLeJY41CoowAOwp9FFfnpmTWZxcx_WvLP\n2ozk-H_rN_7LXqVr_r0-teVftPNn-wPrN_7LX0uQv_aYr1_Jlx3Pzu-In_I36h_vD-Vc3XSfET_k\nb9Q_3h_Kubr-rsJ_u9P0X5HYtgr6y-Af3PCf_XxD_wChCvk2vq_4Byq0PhUg8Lcwg_8AfQr5jij_\nAHNfP8mRPY-5dTfcEqhVu-O4Kc5FVK_liq7yZyBXOeLfC41mLz4MLdIOPRh6GujoopVJUZKcNxbF\nb4Q_tA6r8MgdG1aF73Sgw2o5w8HY7fUYHTivqXwv8WfCvi-1jl0_V7ffIcC3mcJL-K5zXyjqvh-z\n1dMTxDf2deCK5a4-H93ayF9PvCuOQSxVv0r9RyfjSrhIKlV1iuj6ej_zNVOx-gZU7c4OD0NU9T1O\n00e3M99cR2kI_wCWkzBR-Zr4Jig8YWq7I9QvCo_6bsf5mo38P-JdVYi61CYqeonncj8q-vlx5hlG\n8aev-L_gF86Ppr4jftM-H_C8E9tpEg1fUgMIYiDEPfcM5x6V8yX95rXxQ199S1KVnDHlyPlRfRRW\nlpfw-trdhJdyGdv7n8NdTBBHbxiOJAiDoAK_Oc64qxGZe6np2W3_AAWZuVxllZx2FrHBEMIgwKno\nor4Ftt3ZmFFFFIAooooAXJ9aSiigAooooAKKKKAJLc4mX615P-0w27-wfrL_AOy16vB_rV-teSft\nJuGOhDOceb_7LX0WRP8A2uK9fyZcdz89viJ_yN-of7w_lXN10PxAkWXxbqDKcjeB-lc9X9Y4T_d4\nei_I7FsFfQH7P_iNINIjjjJa6sLgTEH3OV_lXz_XTfD7xa3hLXUnYsbaT5JUB4x64745rhzbCPGY\nSVNb7oUldH6s6JqsWvaFa3kLhw8YJI9e_wCtTV89_Bn4rQaPElrPL5ml3GGjkBz5ZP8Ak19BwXEF\n7Cs9vIssTjIdTkGv5SzLAVMFWcZLTo_66nG1YWil2mjBrx7EiUUuDRg0WASilwaMGiwCUUuDRg0W\nASilwaMGiwCUUuDRg0WASilwaMGiwCUUuDRg0WASilwaMGiwCUUuDShPU0WAfbL8249BXzr-0D4w\nin1qZSwa102IsWHPOPmH6V6b8R_ibaeF7KWztJFm1GRSoVTny_c-hr4e-NXj_dHLpUE7SXc7b7iV\nW6eoPrnnNfo3CmT1cViFUa06fqzWEbnjmp3IvNRupwSVklZgT6EnFVqKK_paKUUkjrFVc1LHGDmo\nQcVIku2mI7rwN8Qrvws4gkzcWLHmMnlfcV9BeAvja1uqnS9V2EjLW0pzgemD0_CvklJxViK6KHKs\nR9DivnMxyLC5hdzVm_ufqiHG599W37QupomDY2k_-0ZSM_lU3_DRGo_9Auz_AO_zV8I2niG8tU2R\nXUiL6Bqtp4r1D_n9l_OvkHwJhL6W_H_Mj2aPuP8A4aI1H_oF2f8A3-aj_hofUv8AoFWf_f5q-Ik8\nVah_z-S_nUqeKb__AJ_JPzqf9Q8J2X4_5i5EfbH_AA0PqX_QKs_-_wA1H_DQ-pf9Aqz_AO_zV8Wp\n4qvv-fuT86lXxTe4_wCPqQ_jR_qHhPL8f8xciPs3_hofUv8AoFWf_f5qP-Gh9S_6BVn_AN_mr42T\nxTef8_T_AJ1Iviq8wf8ASX_On_qHhPL8f8w5EfYv_DQ2pf8AQKs_-_zUf8NDal_0CrP_AL_NXx6P\nFd3_AM_L_nR_wld5_wA_L_nR_qHhPL8f8w5UfYX_AA0NqX_QKs_-_wA1H_DQ2pf9Aqz_AO_zV8e_\n8JXd_wDPy_50h8VXn_Py_wCdH-oeE8vx_wAw5EfYf_DQ-pf9Aqz_AO_zUf8ADQ-pf9Aqz_7_ADV8\ncHxVef8AP0_51GfFN5_z9SfnR_qHhPL8f8w5EfZf_DQ-pf8AQKs_-_zUf8ND6l_0CrP_AL_NXxef\nFN9z_pcn51E3iq-_5_JPzpf6h4Ty_H_MfIj7V_4aI1H_AKBdn_3-aj_hojUf-gXZ_wDf5q-JG8VX\n4z_pkv8A31ULeK9Q_wCf2X86P9Q8L2X4_wCYciPuA_tEalg_8SuzH_bZq5nxT8edRntJDPfQ6bb4\n-YRnP69a-Pn8VaiQR9tlx9azJr95CxaRmz1ya6KHA-Dpy5nb7r_mxqCPV_G3xi80TQaYzTSvkNdO\nc_iPWvHrp3uZnllYvIxyWY5JNDTj1qBp8197g8DQwUOSivn1NErDCnWmUpfOaSu8sKKKKACjJHei\nigBwkYd6UTsO9FFADxdOKct6woooFYet-wpw1Fh60UUBYcNRYetPGpsO9FFAWFGqNS_2o3vRRQJI\nP7Ub3pv9qN60UUDsNOpN7006i3vRRQFhv9oN70w3zUUUBYabt6Ybhz3oooCw3zW9aQsT3oooGJRR\nRQAUUUUAf__Z\n'),
(55, '09. Big Freeze.mp3', NULL, '/storage/sdcard/Music/09. Big Freeze.mp3', NULL, NULL, NULL),
(56, '10. Save Me.mp3', NULL, '/storage/sdcard/Music/10. Save Me.mp3', NULL, NULL, NULL),
(57, '10. Save Me.mp3', NULL, '/storage/sdcard/Music/10. Save Me.mp3', NULL, NULL, NULL),
(58, '04. Prelude.mp3', NULL, '/storage/sdcard/04. Prelude.mp3', NULL, NULL, NULL),
(59, '05. Survival.mp3', NULL, '/storage/sdcard/05. Survival.mp3', NULL, NULL, NULL),
(60, '05. Survival.mp3', NULL, '/storage/sdcard/05. Survival.mp3', NULL, NULL, NULL),
(61, '11. Liquid State.mp3', NULL, '/storage/sdcard/Music/11. Liquid State.mp3', NULL, NULL, NULL),
(62, '04. Prelude.mp3', NULL, '/storage/sdcard/Music/04. Prelude.mp3', NULL, NULL, NULL),
(63, '01. Supremacy.mp3', NULL, '/storage/sdcard/Music/01. Supremacy.mp3', NULL, NULL, NULL),
(67, '03. Panic Station.mp3', '', '/storage/sdcard/03. Panic Station.mp3', NULL, NULL, '_9j_4AAQSkZJRgABAQAAAQABAAD_2wBDAAMCAgMCAgMDAwMEAwMEBQgFBQQEBQoHBwYIDAoMDAsK\nCwsNDhIQDQ4RDgsLEBYQERMUFRUVDA8XGBYUGBIUFRT_2wBDAQMEBAUEBQkFBQkUDQsNFBQUFBQU\nFBQUFBQUFBQUFBQUFBQUFBQUFBQUFBQUFBQUFBQUFBQUFBQUFBQUFBQUFBT_wAARCABLAEsDASIA\nAhEBAxEB_8QAHwAAAQUBAQEBAQEAAAAAAAAAAAECAwQFBgcICQoL_8QAtRAAAgEDAwIEAwUFBAQA\nAAF9AQIDAAQRBRIhMUEGE1FhByJxFDKBkaEII0KxwRVS0fAkM2JyggkKFhcYGRolJicoKSo0NTY3\nODk6Q0RFRkdISUpTVFVWV1hZWmNkZWZnaGlqc3R1dnd4eXqDhIWGh4iJipKTlJWWl5iZmqKjpKWm\np6ipqrKztLW2t7i5usLDxMXGx8jJytLT1NXW19jZ2uHi4-Tl5ufo6erx8vP09fb3-Pn6_8QAHwEA\nAwEBAQEBAQEBAQAAAAAAAAECAwQFBgcICQoL_8QAtREAAgECBAQDBAcFBAQAAQJ3AAECAxEEBSEx\nBhJBUQdhcRMiMoEIFEKRobHBCSMzUvAVYnLRChYkNOEl8RcYGRomJygpKjU2Nzg5OkNERUZHSElK\nU1RVVldYWVpjZGVmZ2hpanN0dXZ3eHl6goOEhYaHiImKkpOUlZaXmJmaoqOkpaanqKmqsrO0tba3\nuLm6wsPExcbHyMnK0tPU1dbX2Nna4uPk5ebn6Onq8vP09fb3-Pn6_9oADAMBAAIRAxEAPwD4c-A3\nwk8F_ELwr4i1LxLrKaXdaU-9Yn1yKxaeLyXYeXG9tKZG8xY0wCOJt2MIxPe6x-zr8MNK0nXrk61c\n3FxpcE0nkWvii0mMzLFE6LH_AKIPMLGUg7MhfLbcQSAfnnw9488R-FtGubbRda1fSYpLhJGfT7-a\nCPO1gQyowBY4Xk84Sugn-LfjKXULyMeJPFwtfs7YtpdauHdD5f32ORld3OMdDjJ6kA87oorT0rwz\nqutwvLYWE91EhIZ41yoIxnJ_EH6c1UYuTtFXGk3ojMpcHBOOB3r6L8EfsrTKNOuvEzSRpcbX-zRH\nBIzggnsRzwfT3r6G0z4QaM_hO_t73RbM26fup12DLIgO1TkZyN2RjkZ9NuO6ngp1KftLq17f18yM\nS3hKcatVe7J2v8rn53rGzhiqkhRkkDoKbX6HXPwp8JzRyWaaXBb2cqLZhYQcFfKBbd75RRnjJA7m\nuA-Lf7L_AIfa18PWfhfT4bWW5a5ubm5V2YszRr5aE4wqKxzgADGR16-fi3DByjCb3_yuejgsDiMb\nGUqa-F8vzu0_ue58YUV0_jD4c6z4JSOTUokWGSV4o5EbIYqzLnHodpI9ue4rmKiM4zV4u6OJxcXa\nSsyZZWFpJGJ2VGdWMAJwxAbDHtkZI_4Efer32-aW9uJJdXuC0lv5bz5dmlGwDyjk5I4288YHpWXX\n0T8MP2egul6Xr-qMJZblhJFbSJhY1ChhuBB3E5OO2MHOTx3YTBzxtX2VN_8AAOeviY4Wm6k1dL1O\nN-F_wfTWkGq-I91rpYfaICWSWTDY-6BnBwy9QQcHkdfofSPDWn-F9IS3toY7NIM7FUBSQecn1z69\neD7U270i6t5HhMZY7dzxY4IP8Q_EdR6D8YtavZotPKyQne6bo2P8WOxx9Mfh-f2v1GGX0rJXb3ff\n_K573D0aOOqe1UrtNWS3s93523t2Pa9B1mz8aeEBONialbHLqMDcm1VVh9CufxOc1MJZb7Sbacna\n8kUTTwq3yGQqQTn6owP4V5F8MEv7fSo7kyAeXkmN2yHUk8EHoOozzgmu01bxZHpfh64upoJZAxDy\nqjbGXnDHnp3yPrg968fDwdKNltJXXltp9_5-R6md5W8VQq0qUlzRacVu3a9-2vL0v01a3KuqeNY9\nU0WwsY0CXr3HIXICkBlHPcfNnjsvqeekvruTbZxQgmQRFiHHMYwOo9c4-p47A1w6T2NtcRT28UbB\nsGNYRllGR3zjv0Pvjpx1t94k0jRNHuL7Vpo7VrQLcMNwHmegIzyckHHU4r8szv63UxUIVFpsra-V\n-5jTxWGp5fJZR8bb5lJpcvM2330TenktOZpngHx48B3fjcMmn3286YRutSpSJGaN2ZpJM4BAROTh\nRuxnmvle_s20--uLV3SRoZGjLxnKtg4yCeoPUV7X8Z_j3d-I7g2Oh6jLYWKNue3t7bylkc8sXO7k\n9BjaenXkivE7i9nupmlllaSRurGvewlF0KSpvZHzCpqn_wAvHNvdtWv5rrrvrqbXw-0SLxH410XT\nJkkkiurqONkiUEkE9DkgAepJ4GT2r738G-AI_CujPbWJN3p0xDI0dx58Skf3SCcevr1PUmvjX9nP\nxNp3hj4nWkuqoHsbqGSzkZgpCbx94gkccdjnngHof0Y8L-H7G4sxLo0sc0c6qzeXLl5cjO7YwBJP\nHbB4r6rLuSKcuazPnsyxFejLSi5Q7r8V5dP8zzm_0UPCJVi_fI2EOTtA6Ng9unQ5rFvdFh1O6KjZ\nIsP_ACzcbWYgcnnrn054r1jXFt4IWgvLcSsVI3RLh8g_Qg46Y7_hXENokt9vSGL7RbZ-V3IRvpyS\nB9P519pRrubSr2tbe_8AXmfNU8xhQTqZfJqV1eL0dtbq1_T4UeeX_iKfTpTHbwi2RONgHAzwfwPo\nc1bsdRTXVRbtsIRt8puhGDzz09f5V1HiHwVGLNPN-Z2OxN7YlDYOADznjnBweOtcRHo82lakLZkl\nIkyFKKFcHGOM5Genr_Otq0aE6Mp02ny3PocLxOuVupbnSvZu1_NPo_8AhjrdV1S103QgEFvEXfAI\nb7pXG4f7vzZyenvwK-Vvin8ZbnWdQ-yWlyGtLcKpSJTsmYYO87vu856Z4xyO3T_Hn4g38ttP4ftE\nvo7eKSOKafyiA7KCTt-bkE45PXb3618_XkEiSvIYZI43bILqR17V-Y1nSlN1aas5bv8Arb5GlHCY\nbG4p5mo2c0rrv5tapNrotvUrE5OaKKK5j6I9M_Z38Pp4k-IsVm0sMbfZ5JEEy8Oy4IUMQQucdSOm\nR3r9ALbTYrOCx-zWMUUmfMeeFCuOTnpuHXrgnt61-cHwq8SWHhTxvp2o6kZktI2IeWDBaMEY3YIO\nfcY6Zr7Vi-KVtpOjDVtHxe6PMF8q6WdQhc_31OPL4AOWGDuxnIrSHK3Zuz_r-rHh4ipWpYyEoz5Y\n6b7Pvr6efya1Xqt14yg1Z7qPUtIngktfv3k02yOT0Y4AIHHXJ-nUjznxN-0V4YuorjR7TVbO3lQb\nPLtrdph15RdoO9-mAN2OvOK5rUfG95400QQ6dfWdzMZfOnlnhSe3mhcthQWU5IwRkDkj0rz3V9Y8\nM_DVhE0dpqGvwxH_AEtLaO1CKecsUTahxxhQXOBnsa56kXSfLztvor7erv8A10PJx9enSqSoYSnz\nVJfyWbSa6txajbu7_celbja7tU1G_wD9EiXeVRZA5BGAwRcFflxldpzz0GRWJq_igzaeF02NUtZs\nN9pJ3ysp7A4AUHrgDPvXzB4u-JGseJdehmEh8-E7LUJGUWMMf4EJJO7uXJJ4PBr3vQ9cFzqTeHp7\nmO61YWqPhsB5mAAY_Xgce1fW8PUqdWpL6xqul3pd7aHz9XKauFcMRibTqNX2-FJ_c99W16Hjfxu0\nqW312DVIJTNHcW6-cGOdrD5eQexwMf7teYxzyQszRu0ZPB2HFfQHxvsrMeGds8j27RzoVKqGLHDA\ngjIyPmJHp6V8-V5-b0Pq-MnFbPX7z9Iw041aMZJW0_IV3aRizMWY9STkmkoorxjqCu2-GPxF1LwX\nezWsMlvJpV7hbq1vQWhbH8XBBB7ZHUHByOK4mik0nozGtRhXg6c1o_6uewa78cVsAbDw5ZwW2nIX\nBiSLy43bIw6kNuC8EbRjjGfQeY3XiK-ur2W783yriVtzSxcPn2b7wHtnFZtFEVyqyOfC4KjhKfs6\na31berb7vu_U7b4X6db3WuXOs6o6_ZdMT7U0lw-FebPyAnuS3OOpAPXGDUTxfdaZ42fxDaziS5tZ\nQ8TN92RunT-6fmP0471iR6lcrpa2IlItGdpTFgYL7cbvrg1n12-3cacacNLO9_P_AIBpGknUlOWt\n1a3kbXiXxlrHi6dZdVvXuiv3VIAVfoBx6_nWLRRXNOcqkuabu_M3hCNOKjBWSCiiioLP_9k=\n'),
(68, 'TheBeautifulPeople.ogg', '', '/storage/sdcard/Music/TheBeautifulPeople.ogg', NULL, NULL, '_9j_4AAQSkZJRgABAQAAAQABAAD_2wBDAAMCAgMCAgMDAwMEAwMEBQgFBQQEBQoHBwYIDAoMDAsK\nCwsNDhIQDQ4RDgsLEBYQERMUFRUVDA8XGBYUGBIUFRT_2wBDAQMEBAUEBQkFBQkUDQsNFBQUFBQU\nFBQUFBQUFBQUFBQUFBQUFBQUFBQUFBQUFBQUFBQUFBQUFBQUFBQUFBQUFBT_wAARCADXANsDASIA\nAhEBAxEB_8QAHwAAAQUBAQEBAQEAAAAAAAAAAAECAwQFBgcICQoL_8QAtRAAAgEDAwIEAwUFBAQA\nAAF9AQIDAAQRBRIhMUEGE1FhByJxFDKBkaEII0KxwRVS0fAkM2JyggkKFhcYGRolJicoKSo0NTY3\nODk6Q0RFRkdISUpTVFVWV1hZWmNkZWZnaGlqc3R1dnd4eXqDhIWGh4iJipKTlJWWl5iZmqKjpKWm\np6ipqrKztLW2t7i5usLDxMXGx8jJytLT1NXW19jZ2uHi4-Tl5ufo6erx8vP09fb3-Pn6_8QAHwEA\nAwEBAQEBAQEBAQAAAAAAAAECAwQFBgcICQoL_8QAtREAAgECBAQDBAcFBAQAAQJ3AAECAxEEBSEx\nBhJBUQdhcRMiMoEIFEKRobHBCSMzUvAVYnLRChYkNOEl8RcYGRomJygpKjU2Nzg5OkNERUZHSElK\nU1RVVldYWVpjZGVmZ2hpanN0dXZ3eHl6goOEhYaHiImKkpOUlZaXmJmaoqOkpaanqKmqsrO0tba3\nuLm6wsPExcbHyMnK0tPU1dbX2Nna4uPk5ebn6Onq8vP09fb3-Pn6_9oADAMBAAIRAxEAPwD8qqKK\n3vBPheTxXrkVooIhHzSuOyjrz61nUqRpQdSbskBP4O8Baj4vm_cL5Vspw07jgf419BfDr9nUapcR\nwaVo0-s3ZOBKynAP-9wB-Ne4_swfs3H4j3iIYjZeGrEgTSIMGQ_3R9eea-5re78NfCjT10rQtPhj\nZVAZIVC592IHJ4r80x-c1a_NNz9nTX4_qzFyufFGkfsY_EVoQRo0dmpGQGmQ_wAmq_8A8MYfEX_n\nzh_7-r_jX1fP8VdYeVjEII4-ylMkfjUf_C0td_vW_wD36_8Ar18m80wF9ZS-5EXR8qf8MYfEX_nz\nh_7-r_jR_wAMYfEX_nzh_wC_q_419V_8LS13-_B_36_-vSf8LT1z-_B_36_-vS_tTL-8vuQXR8q_\n8MYfEX_nzh_7-r_jR_wxh8Rf-fOH_v6v-NfVY-Kmt4-_B_36_wDr0n_C1Nc_vwf9-v8A69L-1Mv7\nz-5BdHyr_wAMYfEX_nzh_wC_q_40f8MYfEX_AJ84f-_q_wCNfVX_AAtXXP70H_fr_wCvSf8AC1dd\n_v2__fr_AOvR_amX95fcguj5W_4Yv-I3_PnD_wB_V_xo_wCGL_iN_wA-cP8A39X_ABr6p_4Wrr39\n-D_v1_8AXo_4Wpr3_PSD_v1_9ej-1Mv7y-5BdHyt_wAMX_Eb_nzh_wC_q_40f8MX_Eb_AJ84f-_q\n_wCNfVP_AAtTXf78H_fr_wCvR_wtTXf78H_fr_69H9qZf3l9yC6Plb_hjD4i_wDPnD_39X_Gj_hj\nD4i_8-cP_f1f8a-qf-Fqa7_fg_79f_XpP-Fqa7_fg_79f_Xpf2pl_eX3ILo-V_8AhjH4i_8APnD_\nAN_F_wAaT_hjH4jf8-UP_f1f8a-qf-Fq67_fg_79f_Xo_wCFq67_AH4P-_X_ANej-1Mv7y-5BdHy\nt_wxj8Rv-fKH_v6v-NH_AAxj8Rv-fKH_AL-r_jX1R_wtXXP78H_fr_69H_C1dd_v2_8A36_-vR_a\nuX95fcguj5Ul_Yx-Ixjb_QIn_wBnzV5_WvMPiP8Asq-INAgZvEHhV9naWMiTHv8AKTX31_wtXXf7\n9v8A9-v_AK9bOlfFWO5T7Nq1srRPw8ijII_3a3o5rg-a1KrKL7vb8Auj8W_GvwXn0xZLnSS08Sgl\noH--teXOjIxVgVYHBBGCK_ZX9oj9mHSvEWjT-J_B0MdvdxoZZbWEARzL1OAOh6_lX5kfGbwAtpv1\ne0gaKQNtuYguMH1x-ea_Q8qzecqiw2Kd29n3NYy6M8gooor7Q0Cve_2ffDButNE1uC95fziBVPqD\ngfzrwSvrz9mK2jXVfA6AfK-oW5YeuXXNfM8QVHHCKEftMiWx-mXhbRrb4SfCfT7CxQRzNEuWxyZG\nG459e9cJJM8zs7sWdjkknJNeg_FKUraWUQ4QYOPpmvOd1fhudVW8QqPSKRzsdmim5NGTXz1yR1FM\nzRn3ouA7NGRTc0mfY0rgPyKN1NpM0XAduozTc-9GaVwFzRmm5o3ClcB2aM0zdTHuY4vvSKn1IFPc\nCXNLWdda9ZWn-tuFH0Of5VnXXjawgXMZac-i8fzrWNKpP4YsDoc-9GfeuLuPH-U_cW5Df9ND_hUP\n_CYaqkYme0Ah_vlG2_nXTHBV5K9gsd1x6mkzj3rL0TW49ZtjInyuvDIe1aOa4ZJwbjLdAd98MfEB\nju30qc-ZDODsVucHHP4YFfG37Yfwvh8PeP8AU4YYvL03VozIuBwHbO_H0zX0_wCF5DFr1my8HeBX\nm_7esai48JyAYZvPBPrjZX3GT1p1MLq9YPT0_wCHLjsfklf24tL65gGcRyMgz6AkVBXQePoVg8Wa\ngiDC78_pXP1--0Z-0pRn3SOlbBX2D-zLxq_gT_r_ALb_ANDWvj6vr_8AZo41bwL_ANf9t_6GtfNc\nRfwIepEj9L_ii2Y7Pnt_jXnufeu8-JzZjtPp_jXn_wCNfgubyvjJ_L8jne5JmkyKZQDjNeNcQ4MB\nRvpuaTOO9K4D99Jnim5FBai4Dt1IWwCScAVx2reJL681P-ztMRmlL-WAi5Z2zjAFblj8FPiLrLLv\n0u7tA_e53IPxxXuYXKMVi1enFv0TY0my7JqdrECXuYlx2Lis6bxfpkJIMrMR_dXNdjpn7I_iW4IO\np6lZwqf-eEhcj8wK7XSf2QNEtVVr7Wrm8bq0flBB9Mg19LQ4PxtT4oterSLUGeES-PoEY-XbNIvq\nWx_SqI8Z6hfXHl2UAZj0jCb2_SvrnRf2dfAuikPHpbTS92lmdgfwJxXZaf4O0HS1UW2j2MZHRxbJ\nu_PGa-hocENa1ZJfe_8AIpUz4fttF8ba5cqkGlakm7-JbZ1T88Yrqrb9m74g61IjTwwCM4Jea5GQ\nPoa-zYlSFdsaBF9FGBTt1fQ0OEcHT-OTfpZf5lKCPlyy_Y51CQRtc-IYYTwWQW5b8M7q7rTv2TfB\n8UKfa3vbiYfeaOfYD-GK9p3mjdXt0siy-ltST9dfzKUUcTpnwR8FaZarAvh-zuAv8dzErufqcVnf\nFnwfotr8M9Xih0y2hjiiBQRxgbSCOlekZ-tcZ8Yzj4b62f8Apj_WurEYahSw1Tkgl7r6LsOysfFv\ngCQi4ugDwQuR-ddpkVw_gD_j4uuOw_rXbV_MeOf79_I5DU8Nt_xOrT_fFeeft5Nl_CP1uP8A2SvQ\nfDh_4nNr_vivOv27W3P4S_7eP_ZK-lyJ_uKi80XE_LT4if8AI36h_vD-Vc3XSfET_kb9Q_3h_Kub\nr-hMJ_u9P0X5HStgr6__AGaf-Qp4G_6_rb_0Na-QK-vv2av-Qn4H_wCv62_9DWvneIv93h6kSP0k\n-JTfu7T6VwW73ruPiOcx2v0_xrhcZr8AzWV8XL5fkc73Hbvek3Ug4orx7iFzRuptLRcBc1HOT5En\n-6adTJ_9RJ_un-RoT1AofANVl-LlnvAf75wRnnIr7i3H3r4c_Z_b_i7tn_wP-Yr7iLE1_RXCf-5S\n9f0R0Q2DJNHPrSZpAc19saDvxo_Gm5qG5vYLJN9zNHbp_ekYKP1pN2V2BY4oGK47X_i54S8OLm71\nq2f1Fs4lI_BTXnmuftc-FLF9um291qgHXKmHn8RXm1szweH_AItVL5_oLmR7rmlDYr5H1_8AbA1y\n6uWOi6dBZR9kuR5p_MYrgdZ-Ovj3VpZrh9Wu7NcFmW1DRxge1fPYjivAUfhvL8PzJ50feMV9BNK0\ncc8cki9UVwSPwrj_AIzvj4Z67_1yH_oQrwH9kHxBca74v1ie6mkuJmgJaSQ5J5WvdPjvM0fwo8QM\nDgiEc_8AAhXpUccswy2piErJqX4XGndXPjX4fOBcXeSOi_1rsWvIlyC3IrzD4cSPLNfF2LHC8n8a\n7mv5hzCu1iJJLt-RyNnQ-H9RU61agKfvjmuB_bjlMreFPYz_APsldd4c41q0_wB8Vxf7bRy3hb6z\n_wDslfS8O1JSpzT7_oXF6H5g_ET_AJG_UP8AeH8q5uuk-In_ACN-of7w_lXN1_SmE_3en6L8jqWw\nV9e_s2_8hHwR_wBf1t_6GtfIVfXn7N__ACEPBP8A1-23_oa185xH_u8fUiR-jvxEb5LX6VxGa7H4\ngyZS1-lcTvr-eszd8VL5HOyXPsaTJqPdSbjXl3ES7qM-9RbqM_SlcCTcPU1HOR5En-6aCfeopz-4\nk_3TTT1EVP2fm_4u7afST-Yr7geQIpZjgAZJr4c_Z-Yf8Les_pJ_MV9t3jD7JP8A7jfyr-i-E3_s\nMvX9EdENjzDX_wBpzwRobmNbyfUJMkZs4w6g-53CvOfEX7YsiTNHo2iRywnpNcSFGH_AcEV876WL\ne88RC2mIKNK-R69a7mHTtPtWDw2aK47nNfCZjxnjKUuS_L6L_O5DmzW1P9ovx94ldorWdYIW48qC\nFSR_wLrXIXcvizW5ne91G8G7qs9y4X8s4roC5ycALn0GKaTmvh8VxNjMR8Um_VtmbkzmbfwcXLNc\nXBD_AOwM5_Gr8HheyiHzK0jepOK16K8GpmGJqbzt6aE3ZXh062gGEhT6lQTVbXwF0S8AGB5bcD6V\no1neIP8AkC3n_XNv5VyU5OVROTvqI7X9ib_kaNW_69z_ADWvoT4-Nj4SeIf-uS_-hivnr9ij_kZ9\nW_69z_Na-gfj-2PhF4i_65L_AOhiv6Zyb_kQy9J_qdUfhPiH4Zj57_6J_Wu6rhvhkOdR_wCAf1ru\na_nDH_7xL5fkjme5oeHuNYtf98VxH7axy_hf6z_-yV22gf8AIWtv98Vwv7aJy3hf6z_-yV9Rw4_d\nkvP9C4n5k_ET_kb9Q_3h_KubrpPiJ_yN-of7w_lXN1_TeE_3en6L8jrWwV9d_s4f8f3gr_r9t_8A\n0Ja-RK-u_wBnI4vfBX_X5b_-hLXznEn-7R9f0Ikfoj49fclt9P8AGuOzXW-OX-S3-lcjkV_OeYyv\niZfI5nuLyaMUmfY0Z9q8y4rC496KjaQJ1IFQvegZ2jJqXNLcC1xVe6nRLeXJ_hP8jVV7h36n8qgu\nP9RL_un-RrL22ugiH9nu-Evxks0C9pOfxFfcl6x-xz_7jfyNfB37On_JZ7P6Sf0r7tvT_oc_-438\njX9J8INvL5N9_wBEdMNj82PDX_I3p_11k_8AZq9Qry7wz_yN6f8AXWT_ANmr1Gv58zb-P8v1ZzMK\nKKK8UQUUUUAFZ3iD_kC3n_XNv5Vo1neIP-QLef8AXNv5VpS-OPqCOy_Yq_5GbVf-vc_zWvf_ANoA\n_wDFovEX_XJP_QxXz_8AsWHHiXVv-uB_mte-_tAn_i0PiL_rmn_oYr-msn_5EE_Sf6nVH4T4r-GP\nTUv-2f8AWu3rh_hl_wAxL_gH9a7iv5wx_wDvEvl-SOZ7l7QjjVbb_fFcH-2Y24-GPrP_AOy13eif\n8hO3_wB4VwH7Y7Zbwz9Z_wD2WvpeHX8S8_0Lgfmh8RP-Rv1D_eH8q5uuk-In_I36h_vD-Vc3X9P4\nT_d6fovyOtbBX11-zp_x9-C_-vy3_wDQlr5Fr64_Z3OLjwafS7t__Qlr5viX_dY-v6MiZ-hXjZwV\nt_p_jXJ7wK6DxrcDy4MDtXINIzdTX81ZhVX1iVjlbLb3Kr7n2qB7p26fL9KhoryXUkxXFJJ6mkoo\nrMQVHP8A6iX_AHT_ACNSVHP_AKiX_dP8jTW4IzP2df8Aks1p9JP5ivuq8b_Q5_8Acb-VfCv7O3_J\nZbT6SfzFfc96f9En5_gb-Vf03wf_AMi6Xr-iOqGx-b3hn_kb0_66yf8As1eo15d4Z_5G9P8ArrJ_\n7NXqNfz7m38f5fqzmYUUUV4ogorJ1bxPY6RkSyhpP7ic_wD6q5m5-IlxM5Wztdp9HG4n8q7KWErV\ntYx0HY7ys7xB_wAgW8_65t_KuRHijxQR5g09inr9kfFV7vxveTWc9td24DSKV4Xbj867Y5ZiKclK\nSHY9m_YuOPEuq_8AXA_zWvev2gW_4tB4i_65p_6GK8D_AGMePEuq_wDXA_zWveP2gj_xZ_xF_wBc\n0_8ARgr-hMo_5EE_8M_1OiPwnxn8MhxqP_AP6129cR8M-mof8A_rXb1_OOP_AN4l8vyOZ7l3RuNS\ng_3hXnn7YLbj4a-s_wD7LXoOkcajB_vCvO_2vG3Hw39Zv_Za-h4efvtef6MuB-a_xE_5G_UP94fy\nrm66T4if8jfqH-8P5Vzdf1HhP93p-i_I61sFfW_7PRxN4O_6-4P_AEJa-SK-tv2e_wDWeD_-vqD_\nANCWvmuJv90Xr-jImfe3jBspB9K5iuj8VtlYfpXOV_L-Nd68jkYUUUVwiCisPWvF1lpG5N3nTj-B\nO31rnoNf8R-JLpIdKs5N7D5VhTOfxPFehh8BXxHwRGlc72o5_wDUS_7p_kawF-FPxT1EeaPD9_KD\n_EDGP_Zqq6j4Q-Ivh22c3-lXttCB829Ubj8Ca9eXDuPhHncHb0f-Q-Vmr-zv_wAlktfpJ_MV9yXh\nH2Sf_cb-VfC_7OIkHxcsDKrK5RyQwwe1fct43-iT_wC438q_deEVbL5J_wAz_JHRDY_OXwz_AMje\nn_XWT_2avUa8u8M_8jdH_wBdZP616jX8-5t_H-X6s5mFcb4r8VyQzNYWPMpO1mHXPoK3vEmp_wBl\naTNMrASY2pnua1_2YPhknjHxHNr2pRtJY2DZQHlZJfQ9-Mg125DlUsyxEYJbv_h38ioq5e-Ev7L1\n74qiTVvE8klnZuVZLcE-bMvfd0K-x5r6S8NfCjwp4Wsfsllotq6ZzvuY1lf_AL6YZrqEwihQAqjo\nB0p2RX9JZfk2Dy-CVOCcu73_AOAdCSRUXQtNWPYNPtgnTaIlx_KsbXfhj4W8RWElpeaLaBH6vDCq\nP-DAZrpQfxpQ1etOjSqLlnFNehR5z8Ofgjpnwz8S32oaTPJ9juY9gtpPmKHj-InJ6frVj9oNsfB_\nxF_1zj_9GCu_BxXnv7QZ_wCLPeIv-ucf_oxa87E4elhcBWp0Y2jyy0-TFstD46-Gf3dQ_wCAf1rt\n64n4Z_cv_wDgH9a7av5Qx3-8S-X5HI9y1pRxfw_71eb_ALW7Zbw59Zv_AGWvR9N4vYv96vNP2sm3\nHw79Zv8A2Wve4ff723n-jKifnB8RP-Rv1D_eH8q5uuk-In_I36h_vD-Vc3X9TYT_AHen6L8jsWwV\n9a_s-_f8If8AX1B_6EtfJVfWn7P3Xwj_ANfMH_oS18zxP_ui9f0ZE9j7w8THKxfSsCtvxC25YqxK\n_l3FO9VnIFcl4y8UNYA2dq2J2HzOP4R7e9dPeT_ZbSabGfLQvj6Vi_AnwWvxK-JsSXq-bZwZup1J\n-8gIG3P4ivTybL5Y_ExppX1S-Y4q53XwS_Zmk8T28GveKN8VjLh4rTo8g9W9B7EV9S6D4a0vwvYr\nZ6VYw2Vuox5cK4FaMUaQRLGihUUYUDsKCa_p_Lsqw2W01ClH3ur6v-ux1JJBTTg5GBQTTc17Aznp\nfh9oD6_FraadDDqkef8ASYlAds-p79K27xv9En_3G_lUmagvD_ok_wDuN_Kso04U0-RWuI_Ovwx_\nyN0f_XWT-teo15d4Y_5G6P8A66yf1r1Gv5Jzb-P8v1ZyM5T4i_8AIIi_66j-Rr6H_ZIt4rf4c3LR\ntuaS7LP7HavFeCeNrA32iSFc7oiJMDvjPH616R-yD43trZdR8MzukU0sn2mAu3MjYAKgewXNfd8D\nV6dPFxUnvdfNmlM-oN1Lmo80ob1r-gDckB9KUGowfSnBvWgCQGvPP2hmC_B3xGScDZH_AOjFr0AH\nFfPf7XXjuLT_AA7beG4Jc3F6RJcR-kYOVP8A30tePm9eGHwFac_5Wvm9EJvQ8C-Gn3L_AP4B_Wu2\nrl_AGnG10ozuCGmOcH07H9a6iv5PxklKvJo5XuWNO4vIv96vMv2rTk-HfrN_7LXpljxdR_UV5f8A\ntUNuPh_6zf8Aste5kD_fpf1sVE_Of4if8jfqH-8P5VzddJ8RP-Rv1D_eH8q5uv6qwn-70_Rfkdi2\nCvrT9n__AJlL_r5g_wDQlr5Lr6z-ARwvhI_9PMH_AKEK-Y4n_wBzXq_yZE9j7p1xsrHWRWnrByqV\nmV_Ldd3qM5DP8QK7aLebOvlNn6YNdX-xnJCPEurJx9o-zkj125XNYFxALm3lhY4WRSp_GuW-FHjF\n_hX8SYby43LaFjDcBepiJz_QV9hwni6eFxsJ1Nk_wehUHZn36T1phNRWd5DqFpFc28iywyqHR0bI\nIPoakJr-nE01dHUITTSaCaaTTEGarX7hLKcscAI38qmJryj9ob4jReDfBV1aQTldUvl8qHy2AaMH\nPz_p-tcmLxEMJQnWqPRIV7HyF4XUnxcmBkCSTJ_OvUK4b4eadI0lxfSDIb5VJHOepP613NfyVmVR\nVK7t0OViModSrDIPBBrz7U7C-8Ga3DqumM0QjfzI3T-E-lehUyaCO4iaORQ6MMEHvXPhMVPCVOeI\nJ2PYvhL-0XpHjG0hstXmTTtYUBTvOEmPqPf_ABr2KKdJl3I6yL6qc18Fax8P1dml0-Tyj18s_wBP\nSpdM8a-PvBQjitdUvY7dekCPuQ_UCv2vK-OIOChild91v81_kbRn3PvQH0pWlVFJdlQDuxwK-Ll_\naQ-IKx7dgPGNxhbP865_U_iJ8QfGLSwzape-Q45t92xMfjX0FXjLAQjzRTf3L9SuZH0_8UP2g9C8\nAWssNrLHqmrYwlvG2VU-rH0-lfJTS6r8SPEs-rapM8xkffJI3T_dHpVnSvh-7uJtRmLZ5MY659zX\nZ21rFZwrFCgjRRgAV-U59xTVzJ8kdEtktl5-bMnK46GFLeJY41CoowAOwp9FFfnpmTWZxcx_WvLP\n2ozk-H_rN_7LXqVr_r0-teVftPNn-wPrN_7LX0uQv_aYr1_Jlx3Pzu-In_I36h_vD-Vc3XSfET_k\nb9Q_3h_Kubr-rsJ_u9P0X5HYtgr6y-Af3PCf_XxD_wChCvk2vq_4Byq0PhUg8Lcwg_8AfQr5jij_\nAHNfP8mRPY-5dTfcEqhVu-O4Kc5FVK_liq7yZyBXOeLfC41mLz4MLdIOPRh6GujoopVJUZKcNxbF\nb4Q_tA6r8MgdG1aF73Sgw2o5w8HY7fUYHTivqXwv8WfCvi-1jl0_V7ffIcC3mcJL-K5zXyjqvh-z\n1dMTxDf2deCK5a4-H93ayF9PvCuOQSxVv0r9RyfjSrhIKlV1iuj6ej_zNVOx-gZU7c4OD0NU9T1O\n00e3M99cR2kI_wCWkzBR-Zr4Jig8YWq7I9QvCo_6bsf5mo38P-JdVYi61CYqeonncj8q-vlx5hlG\n8aev-L_gF86Ppr4jftM-H_C8E9tpEg1fUgMIYiDEPfcM5x6V8yX95rXxQ199S1KVnDHlyPlRfRRW\nlpfw-trdhJdyGdv7n8NdTBBHbxiOJAiDoAK_Oc64qxGZe6np2W3_AAWZuVxllZx2FrHBEMIgwKno\nor4Ftt3ZmFFFFIAooooAXJ9aSiigAooooAKKKKAJLc4mX615P-0w27-wfrL_AOy16vB_rV-teSft\nJuGOhDOceb_7LX0WRP8A2uK9fyZcdz89viJ_yN-of7w_lXN10PxAkWXxbqDKcjeB-lc9X9Y4T_d4\nei_I7FsFfQH7P_iNINIjjjJa6sLgTEH3OV_lXz_XTfD7xa3hLXUnYsbaT5JUB4x64745rhzbCPGY\nSVNb7oUldH6s6JqsWvaFa3kLhw8YJI9e_wCtTV89_Bn4rQaPElrPL5ml3GGjkBz5ZP8Ak19BwXEF\n7Cs9vIssTjIdTkGv5SzLAVMFWcZLTo_66nG1YWil2mjBrx7EiUUuDRg0WASilwaMGiwCUUuDRg0W\nASilwaMGiwCUUuDRg0WASilwaMGiwCUUuDRg0WASilwaMGiwCUUuDShPU0WAfbL8249BXzr-0D4w\nin1qZSwa102IsWHPOPmH6V6b8R_ibaeF7KWztJFm1GRSoVTny_c-hr4e-NXj_dHLpUE7SXc7b7iV\nW6eoPrnnNfo3CmT1cViFUa06fqzWEbnjmp3IvNRupwSVklZgT6EnFVqKK_paKUUkjrFVc1LHGDmo\nQcVIku2mI7rwN8Qrvws4gkzcWLHmMnlfcV9BeAvja1uqnS9V2EjLW0pzgemD0_CvklJxViK6KHKs\nR9DivnMxyLC5hdzVm_ufqiHG599W37QupomDY2k_-0ZSM_lU3_DRGo_9Auz_AO_zV8I2niG8tU2R\nXUiL6Bqtp4r1D_n9l_OvkHwJhL6W_H_Mj2aPuP8A4aI1H_oF2f8A3-aj_hofUv8AoFWf_f5q-Ik8\nVah_z-S_nUqeKb__AJ_JPzqf9Q8J2X4_5i5EfbH_AA0PqX_QKs_-_wA1H_DQ-pf9Aqz_AO_zV8Wp\n4qvv-fuT86lXxTe4_wCPqQ_jR_qHhPL8f8xciPs3_hofUv8AoFWf_f5qP-Gh9S_6BVn_AN_mr42T\nxTef8_T_AJ1Iviq8wf8ASX_On_qHhPL8f8w5EfYv_DQ2pf8AQKs_-_zUf8NDal_0CrP_AL_NXx6P\nFd3_AM_L_nR_wld5_wA_L_nR_qHhPL8f8w5UfYX_AA0NqX_QKs_-_wA1H_DQ2pf9Aqz_AO_zV8e_\n8JXd_wDPy_50h8VXn_Py_wCdH-oeE8vx_wAw5EfYf_DQ-pf9Aqz_AO_zUf8ADQ-pf9Aqz_7_ADV8\ncHxVef8AP0_51GfFN5_z9SfnR_qHhPL8f8w5EfZf_DQ-pf8AQKs_-_zUf8ND6l_0CrP_AL_NXxef\nFN9z_pcn51E3iq-_5_JPzpf6h4Ty_H_MfIj7V_4aI1H_AKBdn_3-aj_hojUf-gXZ_wDf5q-JG8VX\n4z_pkv8A31ULeK9Q_wCf2X86P9Q8L2X4_wCYciPuA_tEalg_8SuzH_bZq5nxT8edRntJDPfQ6bb4\n-YRnP69a-Pn8VaiQR9tlx9azJr95CxaRmz1ya6KHA-Dpy5nb7r_mxqCPV_G3xi80TQaYzTSvkNdO\nc_iPWvHrp3uZnllYvIxyWY5JNDTj1qBp8197g8DQwUOSivn1NErDCnWmUpfOaSu8sKKKKACjJHei\nigBwkYd6UTsO9FFADxdOKct6woooFYet-wpw1Fh60UUBYcNRYetPGpsO9FFAWFGqNS_2o3vRRQJI\nP7Ub3pv9qN60UUDsNOpN7006i3vRRQFhv9oN70w3zUUUBYabt6Ybhz3oooCw3zW9aQsT3oooGJRR\nRQAUUUUAf__Z\n'),
(69, '12. The 2nd Law Unsustainable.mp3', NULL, '/storage/sdcard/Music/12. The 2nd Law Unsustainable.mp3', NULL, NULL, NULL),
(70, '13. The 2nd Law Isolated System.mp3', NULL, '/storage/sdcard/Music/13. The 2nd Law Isolated System.mp3', NULL, NULL, NULL),
(71, '07. Animals.mp3', NULL, '/storage/sdcard/Music/07. Animals.mp3', NULL, NULL, NULL);
INSERT INTO `canciones` (`id_song`, `song_name`, `song_author`, `src_path`, `id_src`, `photo`, `photo_encoded`) VALUES
(73, '09. Big Freeze.mp3', '', '/storage/sdcard/Music/09. Big Freeze.mp3', NULL, NULL, '_9j_4AAQSkZJRgABAQAAAQABAAD_2wBDAAMCAgMCAgMDAwMEAwMEBQgFBQQEBQoHBwYIDAoMDAsK\nCwsNDhIQDQ4RDgsLEBYQERMUFRUVDA8XGBYUGBIUFRT_2wBDAQMEBAUEBQkFBQkUDQsNFBQUFBQU\nFBQUFBQUFBQUFBQUFBQUFBQUFBQUFBQUFBQUFBQUFBQUFBQUFBQUFBQUFBT_wAARCABLAEsDASIA\nAhEBAxEB_8QAHwAAAQUBAQEBAQEAAAAAAAAAAAECAwQFBgcICQoL_8QAtRAAAgEDAwIEAwUFBAQA\nAAF9AQIDAAQRBRIhMUEGE1FhByJxFDKBkaEII0KxwRVS0fAkM2JyggkKFhcYGRolJicoKSo0NTY3\nODk6Q0RFRkdISUpTVFVWV1hZWmNkZWZnaGlqc3R1dnd4eXqDhIWGh4iJipKTlJWWl5iZmqKjpKWm\np6ipqrKztLW2t7i5usLDxMXGx8jJytLT1NXW19jZ2uHi4-Tl5ufo6erx8vP09fb3-Pn6_8QAHwEA\nAwEBAQEBAQEBAQAAAAAAAAECAwQFBgcICQoL_8QAtREAAgECBAQDBAcFBAQAAQJ3AAECAxEEBSEx\nBhJBUQdhcRMiMoEIFEKRobHBCSMzUvAVYnLRChYkNOEl8RcYGRomJygpKjU2Nzg5OkNERUZHSElK\nU1RVVldYWVpjZGVmZ2hpanN0dXZ3eHl6goOEhYaHiImKkpOUlZaXmJmaoqOkpaanqKmqsrO0tba3\nuLm6wsPExcbHyMnK0tPU1dbX2Nna4uPk5ebn6Onq8vP09fb3-Pn6_9oADAMBAAIRAxEAPwD4c-A3\nwk8F_ELwr4i1LxLrKaXdaU-9Yn1yKxaeLyXYeXG9tKZG8xY0wCOJt2MIxPe6x-zr8MNK0nXrk61c\n3FxpcE0nkWvii0mMzLFE6LH_AKIPMLGUg7MhfLbcQSAfnnw9488R-FtGubbRda1fSYpLhJGfT7-a\nCPO1gQyowBY4Xk84Sugn-LfjKXULyMeJPFwtfs7YtpdauHdD5f32ORld3OMdDjJ6kA87oorT0rwz\nqutwvLYWE91EhIZ41yoIxnJ_EH6c1UYuTtFXGk3ojMpcHBOOB3r6L8EfsrTKNOuvEzSRpcbX-zRH\nBIzggnsRzwfT3r6G0z4QaM_hO_t73RbM26fup12DLIgO1TkZyN2RjkZ9NuO6ngp1KftLq17f18yM\nS3hKcatVe7J2v8rn53rGzhiqkhRkkDoKbX6HXPwp8JzRyWaaXBb2cqLZhYQcFfKBbd75RRnjJA7m\nuA-Lf7L_AIfa18PWfhfT4bWW5a5ubm5V2YszRr5aE4wqKxzgADGR16-fi3DByjCb3_yuejgsDiMb\nGUqa-F8vzu0_ue58YUV0_jD4c6z4JSOTUokWGSV4o5EbIYqzLnHodpI9ue4rmKiM4zV4u6OJxcXa\nSsyZZWFpJGJ2VGdWMAJwxAbDHtkZI_4Efer32-aW9uJJdXuC0lv5bz5dmlGwDyjk5I4288YHpWXX\n0T8MP2egul6Xr-qMJZblhJFbSJhY1ChhuBB3E5OO2MHOTx3YTBzxtX2VN_8AAOeviY4Wm6k1dL1O\nN-F_wfTWkGq-I91rpYfaICWSWTDY-6BnBwy9QQcHkdfofSPDWn-F9IS3toY7NIM7FUBSQecn1z69\neD7U270i6t5HhMZY7dzxY4IP8Q_EdR6D8YtavZotPKyQne6bo2P8WOxx9Mfh-f2v1GGX0rJXb3ff\n_K573D0aOOqe1UrtNWS3s93523t2Pa9B1mz8aeEBONialbHLqMDcm1VVh9CufxOc1MJZb7Sbacna\n8kUTTwq3yGQqQTn6owP4V5F8MEv7fSo7kyAeXkmN2yHUk8EHoOozzgmu01bxZHpfh64upoJZAxDy\nqjbGXnDHnp3yPrg968fDwdKNltJXXltp9_5-R6md5W8VQq0qUlzRacVu3a9-2vL0v01a3KuqeNY9\nU0WwsY0CXr3HIXICkBlHPcfNnjsvqeekvruTbZxQgmQRFiHHMYwOo9c4-p47A1w6T2NtcRT28UbB\nsGNYRllGR3zjv0Pvjpx1t94k0jRNHuL7Vpo7VrQLcMNwHmegIzyckHHU4r8szv63UxUIVFpsra-V\n-5jTxWGp5fJZR8bb5lJpcvM2330TenktOZpngHx48B3fjcMmn3286YRutSpSJGaN2ZpJM4BAROTh\nRuxnmvle_s20--uLV3SRoZGjLxnKtg4yCeoPUV7X8Z_j3d-I7g2Oh6jLYWKNue3t7bylkc8sXO7k\n9BjaenXkivE7i9nupmlllaSRurGvewlF0KSpvZHzCpqn_wAvHNvdtWv5rrrvrqbXw-0SLxH410XT\nJkkkiurqONkiUEkE9DkgAepJ4GT2r738G-AI_CujPbWJN3p0xDI0dx58Skf3SCcevr1PUmvjX9nP\nxNp3hj4nWkuqoHsbqGSzkZgpCbx94gkccdjnngHof0Y8L-H7G4sxLo0sc0c6qzeXLl5cjO7YwBJP\nHbB4r6rLuSKcuazPnsyxFejLSi5Q7r8V5dP8zzm_0UPCJVi_fI2EOTtA6Ng9unQ5rFvdFh1O6KjZ\nIsP_ACzcbWYgcnnrn054r1jXFt4IWgvLcSsVI3RLh8g_Qg46Y7_hXENokt9vSGL7RbZ-V3IRvpyS\nB9P519pRrubSr2tbe_8AXmfNU8xhQTqZfJqV1eL0dtbq1_T4UeeX_iKfTpTHbwi2RONgHAzwfwPo\nc1bsdRTXVRbtsIRt8puhGDzz09f5V1HiHwVGLNPN-Z2OxN7YlDYOADznjnBweOtcRHo82lakLZkl\nIkyFKKFcHGOM5Genr_Otq0aE6Mp02ny3PocLxOuVupbnSvZu1_NPo_8AhjrdV1S103QgEFvEXfAI\nb7pXG4f7vzZyenvwK-Vvin8ZbnWdQ-yWlyGtLcKpSJTsmYYO87vu856Z4xyO3T_Hn4g38ttP4ftE\nvo7eKSOKafyiA7KCTt-bkE45PXb3618_XkEiSvIYZI43bILqR17V-Y1nSlN1aas5bv8Arb5GlHCY\nbG4p5mo2c0rrv5tapNrotvUrE5OaKKK5j6I9M_Z38Pp4k-IsVm0sMbfZ5JEEy8Oy4IUMQQucdSOm\nR3r9ALbTYrOCx-zWMUUmfMeeFCuOTnpuHXrgnt61-cHwq8SWHhTxvp2o6kZktI2IeWDBaMEY3YIO\nfcY6Zr7Vi-KVtpOjDVtHxe6PMF8q6WdQhc_31OPL4AOWGDuxnIrSHK3Zuz_r-rHh4ipWpYyEoz5Y\n6b7Pvr6efya1Xqt14yg1Z7qPUtIngktfv3k02yOT0Y4AIHHXJ-nUjznxN-0V4YuorjR7TVbO3lQb\nPLtrdph15RdoO9-mAN2OvOK5rUfG95400QQ6dfWdzMZfOnlnhSe3mhcthQWU5IwRkDkj0rz3V9Y8\nM_DVhE0dpqGvwxH_AEtLaO1CKecsUTahxxhQXOBnsa56kXSfLztvor7erv8A10PJx9enSqSoYSnz\nVJfyWbSa6txajbu7_celbja7tU1G_wD9EiXeVRZA5BGAwRcFflxldpzz0GRWJq_igzaeF02NUtZs\nN9pJ3ysp7A4AUHrgDPvXzB4u-JGseJdehmEh8-E7LUJGUWMMf4EJJO7uXJJ4PBr3vQ9cFzqTeHp7\nmO61YWqPhsB5mAAY_Xgce1fW8PUqdWpL6xqul3pd7aHz9XKauFcMRibTqNX2-FJ_c99W16Hjfxu0\nqW312DVIJTNHcW6-cGOdrD5eQexwMf7teYxzyQszRu0ZPB2HFfQHxvsrMeGds8j27RzoVKqGLHDA\ngjIyPmJHp6V8-V5-b0Pq-MnFbPX7z9Iw041aMZJW0_IV3aRizMWY9STkmkoorxjqCu2-GPxF1LwX\nezWsMlvJpV7hbq1vQWhbH8XBBB7ZHUHByOK4mik0nozGtRhXg6c1o_6uewa78cVsAbDw5ZwW2nIX\nBiSLy43bIw6kNuC8EbRjjGfQeY3XiK-ur2W783yriVtzSxcPn2b7wHtnFZtFEVyqyOfC4KjhKfs6\na31berb7vu_U7b4X6db3WuXOs6o6_ZdMT7U0lw-FebPyAnuS3OOpAPXGDUTxfdaZ42fxDaziS5tZ\nQ8TN92RunT-6fmP0471iR6lcrpa2IlItGdpTFgYL7cbvrg1n12-3cacacNLO9_P_AIBpGknUlOWt\n1a3kbXiXxlrHi6dZdVvXuiv3VIAVfoBx6_nWLRRXNOcqkuabu_M3hCNOKjBWSCiiioLP_9k=\n'),
(74, '07. Animals.mp3', '', '/storage/sdcard/Music/07. Animals.mp3', NULL, NULL, '_9j_4AAQSkZJRgABAQAAAQABAAD_2wBDAAMCAgMCAgMDAwMEAwMEBQgFBQQEBQoHBwYIDAoMDAsK\nCwsNDhIQDQ4RDgsLEBYQERMUFRUVDA8XGBYUGBIUFRT_2wBDAQMEBAUEBQkFBQkUDQsNFBQUFBQU\nFBQUFBQUFBQUFBQUFBQUFBQUFBQUFBQUFBQUFBQUFBQUFBQUFBQUFBQUFBT_wAARCABLAEsDASIA\nAhEBAxEB_8QAHwAAAQUBAQEBAQEAAAAAAAAAAAECAwQFBgcICQoL_8QAtRAAAgEDAwIEAwUFBAQA\nAAF9AQIDAAQRBRIhMUEGE1FhByJxFDKBkaEII0KxwRVS0fAkM2JyggkKFhcYGRolJicoKSo0NTY3\nODk6Q0RFRkdISUpTVFVWV1hZWmNkZWZnaGlqc3R1dnd4eXqDhIWGh4iJipKTlJWWl5iZmqKjpKWm\np6ipqrKztLW2t7i5usLDxMXGx8jJytLT1NXW19jZ2uHi4-Tl5ufo6erx8vP09fb3-Pn6_8QAHwEA\nAwEBAQEBAQEBAQAAAAAAAAECAwQFBgcICQoL_8QAtREAAgECBAQDBAcFBAQAAQJ3AAECAxEEBSEx\nBhJBUQdhcRMiMoEIFEKRobHBCSMzUvAVYnLRChYkNOEl8RcYGRomJygpKjU2Nzg5OkNERUZHSElK\nU1RVVldYWVpjZGVmZ2hpanN0dXZ3eHl6goOEhYaHiImKkpOUlZaXmJmaoqOkpaanqKmqsrO0tba3\nuLm6wsPExcbHyMnK0tPU1dbX2Nna4uPk5ebn6Onq8vP09fb3-Pn6_9oADAMBAAIRAxEAPwD4c-A3\nwk8F_ELwr4i1LxLrKaXdaU-9Yn1yKxaeLyXYeXG9tKZG8xY0wCOJt2MIxPe6x-zr8MNK0nXrk61c\n3FxpcE0nkWvii0mMzLFE6LH_AKIPMLGUg7MhfLbcQSAfnnw9488R-FtGubbRda1fSYpLhJGfT7-a\nCPO1gQyowBY4Xk84Sugn-LfjKXULyMeJPFwtfs7YtpdauHdD5f32ORld3OMdDjJ6kA87oorT0rwz\nqutwvLYWE91EhIZ41yoIxnJ_EH6c1UYuTtFXGk3ojMpcHBOOB3r6L8EfsrTKNOuvEzSRpcbX-zRH\nBIzggnsRzwfT3r6G0z4QaM_hO_t73RbM26fup12DLIgO1TkZyN2RjkZ9NuO6ngp1KftLq17f18yM\nS3hKcatVe7J2v8rn53rGzhiqkhRkkDoKbX6HXPwp8JzRyWaaXBb2cqLZhYQcFfKBbd75RRnjJA7m\nuA-Lf7L_AIfa18PWfhfT4bWW5a5ubm5V2YszRr5aE4wqKxzgADGR16-fi3DByjCb3_yuejgsDiMb\nGUqa-F8vzu0_ue58YUV0_jD4c6z4JSOTUokWGSV4o5EbIYqzLnHodpI9ue4rmKiM4zV4u6OJxcXa\nSsyZZWFpJGJ2VGdWMAJwxAbDHtkZI_4Efer32-aW9uJJdXuC0lv5bz5dmlGwDyjk5I4288YHpWXX\n0T8MP2egul6Xr-qMJZblhJFbSJhY1ChhuBB3E5OO2MHOTx3YTBzxtX2VN_8AAOeviY4Wm6k1dL1O\nN-F_wfTWkGq-I91rpYfaICWSWTDY-6BnBwy9QQcHkdfofSPDWn-F9IS3toY7NIM7FUBSQecn1z69\neD7U270i6t5HhMZY7dzxY4IP8Q_EdR6D8YtavZotPKyQne6bo2P8WOxx9Mfh-f2v1GGX0rJXb3ff\n_K573D0aOOqe1UrtNWS3s93523t2Pa9B1mz8aeEBONialbHLqMDcm1VVh9CufxOc1MJZb7Sbacna\n8kUTTwq3yGQqQTn6owP4V5F8MEv7fSo7kyAeXkmN2yHUk8EHoOozzgmu01bxZHpfh64upoJZAxDy\nqjbGXnDHnp3yPrg968fDwdKNltJXXltp9_5-R6md5W8VQq0qUlzRacVu3a9-2vL0v01a3KuqeNY9\nU0WwsY0CXr3HIXICkBlHPcfNnjsvqeekvruTbZxQgmQRFiHHMYwOo9c4-p47A1w6T2NtcRT28UbB\nsGNYRllGR3zjv0Pvjpx1t94k0jRNHuL7Vpo7VrQLcMNwHmegIzyckHHU4r8szv63UxUIVFpsra-V\n-5jTxWGp5fJZR8bb5lJpcvM2330TenktOZpngHx48B3fjcMmn3286YRutSpSJGaN2ZpJM4BAROTh\nRuxnmvle_s20--uLV3SRoZGjLxnKtg4yCeoPUV7X8Z_j3d-I7g2Oh6jLYWKNue3t7bylkc8sXO7k\n9BjaenXkivE7i9nupmlllaSRurGvewlF0KSpvZHzCpqn_wAvHNvdtWv5rrrvrqbXw-0SLxH410XT\nJkkkiurqONkiUEkE9DkgAepJ4GT2r738G-AI_CujPbWJN3p0xDI0dx58Skf3SCcevr1PUmvjX9nP\nxNp3hj4nWkuqoHsbqGSzkZgpCbx94gkccdjnngHof0Y8L-H7G4sxLo0sc0c6qzeXLl5cjO7YwBJP\nHbB4r6rLuSKcuazPnsyxFejLSi5Q7r8V5dP8zzm_0UPCJVi_fI2EOTtA6Ng9unQ5rFvdFh1O6KjZ\nIsP_ACzcbWYgcnnrn054r1jXFt4IWgvLcSsVI3RLh8g_Qg46Y7_hXENokt9vSGL7RbZ-V3IRvpyS\nB9P519pRrubSr2tbe_8AXmfNU8xhQTqZfJqV1eL0dtbq1_T4UeeX_iKfTpTHbwi2RONgHAzwfwPo\nc1bsdRTXVRbtsIRt8puhGDzz09f5V1HiHwVGLNPN-Z2OxN7YlDYOADznjnBweOtcRHo82lakLZkl\nIkyFKKFcHGOM5Genr_Otq0aE6Mp02ny3PocLxOuVupbnSvZu1_NPo_8AhjrdV1S103QgEFvEXfAI\nb7pXG4f7vzZyenvwK-Vvin8ZbnWdQ-yWlyGtLcKpSJTsmYYO87vu856Z4xyO3T_Hn4g38ttP4ftE\nvo7eKSOKafyiA7KCTt-bkE45PXb3618_XkEiSvIYZI43bILqR17V-Y1nSlN1aas5bv8Arb5GlHCY\nbG4p5mo2c0rrv5tapNrotvUrE5OaKKK5j6I9M_Z38Pp4k-IsVm0sMbfZ5JEEy8Oy4IUMQQucdSOm\nR3r9ALbTYrOCx-zWMUUmfMeeFCuOTnpuHXrgnt61-cHwq8SWHhTxvp2o6kZktI2IeWDBaMEY3YIO\nfcY6Zr7Vi-KVtpOjDVtHxe6PMF8q6WdQhc_31OPL4AOWGDuxnIrSHK3Zuz_r-rHh4ipWpYyEoz5Y\n6b7Pvr6efya1Xqt14yg1Z7qPUtIngktfv3k02yOT0Y4AIHHXJ-nUjznxN-0V4YuorjR7TVbO3lQb\nPLtrdph15RdoO9-mAN2OvOK5rUfG95400QQ6dfWdzMZfOnlnhSe3mhcthQWU5IwRkDkj0rz3V9Y8\nM_DVhE0dpqGvwxH_AEtLaO1CKecsUTahxxhQXOBnsa56kXSfLztvor7erv8A10PJx9enSqSoYSnz\nVJfyWbSa6txajbu7_celbja7tU1G_wD9EiXeVRZA5BGAwRcFflxldpzz0GRWJq_igzaeF02NUtZs\nN9pJ3ysp7A4AUHrgDPvXzB4u-JGseJdehmEh8-E7LUJGUWMMf4EJJO7uXJJ4PBr3vQ9cFzqTeHp7\nmO61YWqPhsB5mAAY_Xgce1fW8PUqdWpL6xqul3pd7aHz9XKauFcMRibTqNX2-FJ_c99W16Hjfxu0\nqW312DVIJTNHcW6-cGOdrD5eQexwMf7teYxzyQszRu0ZPB2HFfQHxvsrMeGds8j27RzoVKqGLHDA\ngjIyPmJHp6V8-V5-b0Pq-MnFbPX7z9Iw041aMZJW0_IV3aRizMWY9STkmkoorxjqCu2-GPxF1LwX\nezWsMlvJpV7hbq1vQWhbH8XBBB7ZHUHByOK4mik0nozGtRhXg6c1o_6uewa78cVsAbDw5ZwW2nIX\nBiSLy43bIw6kNuC8EbRjjGfQeY3XiK-ur2W783yriVtzSxcPn2b7wHtnFZtFEVyqyOfC4KjhKfs6\na31berb7vu_U7b4X6db3WuXOs6o6_ZdMT7U0lw-FebPyAnuS3OOpAPXGDUTxfdaZ42fxDaziS5tZ\nQ8TN92RunT-6fmP0471iR6lcrpa2IlItGdpTFgYL7cbvrg1n12-3cacacNLO9_P_AIBpGknUlOWt\n1a3kbXiXxlrHi6dZdVvXuiv3VIAVfoBx6_nWLRRXNOcqkuabu_M3hCNOKjBWSCiiioLP_9k=\n'),
(75, '12. The 2nd Law Unsustainable.mp3', '', '/storage/sdcard/Music/12. The 2nd Law Unsustainable.mp3', NULL, NULL, '_9j_4AAQSkZJRgABAQAAAQABAAD_2wBDAAMCAgMCAgMDAwMEAwMEBQgFBQQEBQoHBwYIDAoMDAsK\nCwsNDhIQDQ4RDgsLEBYQERMUFRUVDA8XGBYUGBIUFRT_2wBDAQMEBAUEBQkFBQkUDQsNFBQUFBQU\nFBQUFBQUFBQUFBQUFBQUFBQUFBQUFBQUFBQUFBQUFBQUFBQUFBQUFBQUFBT_wAARCABLAEsDASIA\nAhEBAxEB_8QAHwAAAQUBAQEBAQEAAAAAAAAAAAECAwQFBgcICQoL_8QAtRAAAgEDAwIEAwUFBAQA\nAAF9AQIDAAQRBRIhMUEGE1FhByJxFDKBkaEII0KxwRVS0fAkM2JyggkKFhcYGRolJicoKSo0NTY3\nODk6Q0RFRkdISUpTVFVWV1hZWmNkZWZnaGlqc3R1dnd4eXqDhIWGh4iJipKTlJWWl5iZmqKjpKWm\np6ipqrKztLW2t7i5usLDxMXGx8jJytLT1NXW19jZ2uHi4-Tl5ufo6erx8vP09fb3-Pn6_8QAHwEA\nAwEBAQEBAQEBAQAAAAAAAAECAwQFBgcICQoL_8QAtREAAgECBAQDBAcFBAQAAQJ3AAECAxEEBSEx\nBhJBUQdhcRMiMoEIFEKRobHBCSMzUvAVYnLRChYkNOEl8RcYGRomJygpKjU2Nzg5OkNERUZHSElK\nU1RVVldYWVpjZGVmZ2hpanN0dXZ3eHl6goOEhYaHiImKkpOUlZaXmJmaoqOkpaanqKmqsrO0tba3\nuLm6wsPExcbHyMnK0tPU1dbX2Nna4uPk5ebn6Onq8vP09fb3-Pn6_9oADAMBAAIRAxEAPwD4c-A3\nwk8F_ELwr4i1LxLrKaXdaU-9Yn1yKxaeLyXYeXG9tKZG8xY0wCOJt2MIxPe6x-zr8MNK0nXrk61c\n3FxpcE0nkWvii0mMzLFE6LH_AKIPMLGUg7MhfLbcQSAfnnw9488R-FtGubbRda1fSYpLhJGfT7-a\nCPO1gQyowBY4Xk84Sugn-LfjKXULyMeJPFwtfs7YtpdauHdD5f32ORld3OMdDjJ6kA87oorT0rwz\nqutwvLYWE91EhIZ41yoIxnJ_EH6c1UYuTtFXGk3ojMpcHBOOB3r6L8EfsrTKNOuvEzSRpcbX-zRH\nBIzggnsRzwfT3r6G0z4QaM_hO_t73RbM26fup12DLIgO1TkZyN2RjkZ9NuO6ngp1KftLq17f18yM\nS3hKcatVe7J2v8rn53rGzhiqkhRkkDoKbX6HXPwp8JzRyWaaXBb2cqLZhYQcFfKBbd75RRnjJA7m\nuA-Lf7L_AIfa18PWfhfT4bWW5a5ubm5V2YszRr5aE4wqKxzgADGR16-fi3DByjCb3_yuejgsDiMb\nGUqa-F8vzu0_ue58YUV0_jD4c6z4JSOTUokWGSV4o5EbIYqzLnHodpI9ue4rmKiM4zV4u6OJxcXa\nSsyZZWFpJGJ2VGdWMAJwxAbDHtkZI_4Efer32-aW9uJJdXuC0lv5bz5dmlGwDyjk5I4288YHpWXX\n0T8MP2egul6Xr-qMJZblhJFbSJhY1ChhuBB3E5OO2MHOTx3YTBzxtX2VN_8AAOeviY4Wm6k1dL1O\nN-F_wfTWkGq-I91rpYfaICWSWTDY-6BnBwy9QQcHkdfofSPDWn-F9IS3toY7NIM7FUBSQecn1z69\neD7U270i6t5HhMZY7dzxY4IP8Q_EdR6D8YtavZotPKyQne6bo2P8WOxx9Mfh-f2v1GGX0rJXb3ff\n_K573D0aOOqe1UrtNWS3s93523t2Pa9B1mz8aeEBONialbHLqMDcm1VVh9CufxOc1MJZb7Sbacna\n8kUTTwq3yGQqQTn6owP4V5F8MEv7fSo7kyAeXkmN2yHUk8EHoOozzgmu01bxZHpfh64upoJZAxDy\nqjbGXnDHnp3yPrg968fDwdKNltJXXltp9_5-R6md5W8VQq0qUlzRacVu3a9-2vL0v01a3KuqeNY9\nU0WwsY0CXr3HIXICkBlHPcfNnjsvqeekvruTbZxQgmQRFiHHMYwOo9c4-p47A1w6T2NtcRT28UbB\nsGNYRllGR3zjv0Pvjpx1t94k0jRNHuL7Vpo7VrQLcMNwHmegIzyckHHU4r8szv63UxUIVFpsra-V\n-5jTxWGp5fJZR8bb5lJpcvM2330TenktOZpngHx48B3fjcMmn3286YRutSpSJGaN2ZpJM4BAROTh\nRuxnmvle_s20--uLV3SRoZGjLxnKtg4yCeoPUV7X8Z_j3d-I7g2Oh6jLYWKNue3t7bylkc8sXO7k\n9BjaenXkivE7i9nupmlllaSRurGvewlF0KSpvZHzCpqn_wAvHNvdtWv5rrrvrqbXw-0SLxH410XT\nJkkkiurqONkiUEkE9DkgAepJ4GT2r738G-AI_CujPbWJN3p0xDI0dx58Skf3SCcevr1PUmvjX9nP\nxNp3hj4nWkuqoHsbqGSzkZgpCbx94gkccdjnngHof0Y8L-H7G4sxLo0sc0c6qzeXLl5cjO7YwBJP\nHbB4r6rLuSKcuazPnsyxFejLSi5Q7r8V5dP8zzm_0UPCJVi_fI2EOTtA6Ng9unQ5rFvdFh1O6KjZ\nIsP_ACzcbWYgcnnrn054r1jXFt4IWgvLcSsVI3RLh8g_Qg46Y7_hXENokt9vSGL7RbZ-V3IRvpyS\nB9P519pRrubSr2tbe_8AXmfNU8xhQTqZfJqV1eL0dtbq1_T4UeeX_iKfTpTHbwi2RONgHAzwfwPo\nc1bsdRTXVRbtsIRt8puhGDzz09f5V1HiHwVGLNPN-Z2OxN7YlDYOADznjnBweOtcRHo82lakLZkl\nIkyFKKFcHGOM5Genr_Otq0aE6Mp02ny3PocLxOuVupbnSvZu1_NPo_8AhjrdV1S103QgEFvEXfAI\nb7pXG4f7vzZyenvwK-Vvin8ZbnWdQ-yWlyGtLcKpSJTsmYYO87vu856Z4xyO3T_Hn4g38ttP4ftE\nvo7eKSOKafyiA7KCTt-bkE45PXb3618_XkEiSvIYZI43bILqR17V-Y1nSlN1aas5bv8Arb5GlHCY\nbG4p5mo2c0rrv5tapNrotvUrE5OaKKK5j6I9M_Z38Pp4k-IsVm0sMbfZ5JEEy8Oy4IUMQQucdSOm\nR3r9ALbTYrOCx-zWMUUmfMeeFCuOTnpuHXrgnt61-cHwq8SWHhTxvp2o6kZktI2IeWDBaMEY3YIO\nfcY6Zr7Vi-KVtpOjDVtHxe6PMF8q6WdQhc_31OPL4AOWGDuxnIrSHK3Zuz_r-rHh4ipWpYyEoz5Y\n6b7Pvr6efya1Xqt14yg1Z7qPUtIngktfv3k02yOT0Y4AIHHXJ-nUjznxN-0V4YuorjR7TVbO3lQb\nPLtrdph15RdoO9-mAN2OvOK5rUfG95400QQ6dfWdzMZfOnlnhSe3mhcthQWU5IwRkDkj0rz3V9Y8\nM_DVhE0dpqGvwxH_AEtLaO1CKecsUTahxxhQXOBnsa56kXSfLztvor7erv8A10PJx9enSqSoYSnz\nVJfyWbSa6txajbu7_celbja7tU1G_wD9EiXeVRZA5BGAwRcFflxldpzz0GRWJq_igzaeF02NUtZs\nN9pJ3ysp7A4AUHrgDPvXzB4u-JGseJdehmEh8-E7LUJGUWMMf4EJJO7uXJJ4PBr3vQ9cFzqTeHp7\nmO61YWqPhsB5mAAY_Xgce1fW8PUqdWpL6xqul3pd7aHz9XKauFcMRibTqNX2-FJ_c99W16Hjfxu0\nqW312DVIJTNHcW6-cGOdrD5eQexwMf7teYxzyQszRu0ZPB2HFfQHxvsrMeGds8j27RzoVKqGLHDA\ngjIyPmJHp6V8-V5-b0Pq-MnFbPX7z9Iw041aMZJW0_IV3aRizMWY9STkmkoorxjqCu2-GPxF1LwX\nezWsMlvJpV7hbq1vQWhbH8XBBB7ZHUHByOK4mik0nozGtRhXg6c1o_6uewa78cVsAbDw5ZwW2nIX\nBiSLy43bIw6kNuC8EbRjjGfQeY3XiK-ur2W783yriVtzSxcPn2b7wHtnFZtFEVyqyOfC4KjhKfs6\na31berb7vu_U7b4X6db3WuXOs6o6_ZdMT7U0lw-FebPyAnuS3OOpAPXGDUTxfdaZ42fxDaziS5tZ\nQ8TN92RunT-6fmP0471iR6lcrpa2IlItGdpTFgYL7cbvrg1n12-3cacacNLO9_P_AIBpGknUlOWt\n1a3kbXiXxlrHi6dZdVvXuiv3VIAVfoBx6_nWLRRXNOcqkuabu_M3hCNOKjBWSCiiioLP_9k=\n');

-- --------------------------------------------------------

--
-- Estructura de tabla para la tabla `favorites`
--

CREATE TABLE IF NOT EXISTS `favorites` (
  `id_list` bigint(20) NOT NULL,
  `name_of_list` varchar(25) NOT NULL,
  `id_user` bigint(20) NOT NULL,
  `identification` varchar(50) NOT NULL COMMENT 'serveix per poder relacionar un llista creada en la base de dades local a la base de dades remota'
) ENGINE=InnoDB AUTO_INCREMENT=6 DEFAULT CHARSET=latin1 COMMENT='lists of favorites songs';

--
-- Volcado de datos para la tabla `favorites`
--

INSERT INTO `favorites` (`id_list`, `name_of_list`, `id_user`, `identification`) VALUES
(1, 'pop', 51, '51:pop:1432563599033'),
(3, 'muse', 51, '51:muse:1432574047076'),
(4, 'list1', 45, '45:list1:1432575199219'),
(5, 'list2', 45, '45:list2:1432575213665');

-- --------------------------------------------------------

--
-- Estructura de tabla para la tabla `friends_list`
--

CREATE TABLE IF NOT EXISTS `friends_list` (
  `id` bigint(20) NOT NULL,
  `id_friend` bigint(20) NOT NULL,
  `id_owner` bigint(20) NOT NULL
) ENGINE=InnoDB DEFAULT CHARSET=latin1 COMMENT='relation between users and friends';

-- --------------------------------------------------------

--
-- Estructura de tabla para la tabla `friend_request`
--

CREATE TABLE IF NOT EXISTS `friend_request` (
  `id` int(11) NOT NULL,
  `id_user_src` bigint(20) NOT NULL,
  `id_user_target` bigint(20) NOT NULL,
  `status` varchar(1) NOT NULL
) ENGINE=InnoDB DEFAULT CHARSET=latin1;

-- --------------------------------------------------------

--
-- Estructura de tabla para la tabla `songs_and_list`
--

CREATE TABLE IF NOT EXISTS `songs_and_list` (
  `id` bigint(20) NOT NULL,
  `id_song` bigint(20) NOT NULL,
  `id_list` bigint(20) NOT NULL
) ENGINE=InnoDB AUTO_INCREMENT=14 DEFAULT CHARSET=latin1 COMMENT='relation between songs and the lists that''s belongs to';

--
-- Volcado de datos para la tabla `songs_and_list`
--

INSERT INTO `songs_and_list` (`id`, `id_song`, `id_list`) VALUES
(1, 52, 1),
(7, 52, 3),
(2, 53, 1),
(3, 54, 1),
(8, 67, 3),
(9, 68, 1),
(11, 73, 4),
(12, 74, 5),
(13, 75, 5);

-- --------------------------------------------------------

--
-- Estructura de tabla para la tabla `users`
--

CREATE TABLE IF NOT EXISTS `users` (
  `id` bigint(20) NOT NULL,
  `name` varchar(60) NOT NULL,
  `city` varchar(50) DEFAULT NULL,
  `country` varchar(50) DEFAULT NULL,
  `is_connected` tinyint(1) DEFAULT NULL,
  `personal_description` varchar(500) DEFAULT NULL,
  `music_preferences` varchar(500) DEFAULT NULL,
  `id_current_play_song` bigint(20) DEFAULT NULL,
  `photo` longblob,
  `password` varchar(20) NOT NULL,
  `photo_resource` text,
  `id_img` int(11) DEFAULT NULL
) ENGINE=InnoDB AUTO_INCREMENT=68 DEFAULT CHARSET=latin1;

--
-- Volcado de datos para la tabla `users`
--

INSERT INTO `users` (`id`, `name`, `city`, `country`, `is_connected`, `personal_description`, `music_preferences`, `id_current_play_song`, `photo`, `password`, `photo_resource`, `id_img`) VALUES
(23, 'Juan', 'Gavà', 'Spain', 1, NULL, NULL, 46, NULL, '123456', NULL, 12),
(27, 'Emilio', 'Barcelona', 'España', 1, NULL, NULL, NULL, NULL, '123456', NULL, NULL),
(45, 'ana', 'Barcelona', 'España', 1, 'Descripcion', 'jazz, rock', 71, NULL, '123456', NULL, 11),
(51, 'bea', 'Barcelona', 'España', 1, 'un chico normal de Inglaterra', 'jazz,rock,pop', 45, NULL, '123456', NULL, 10),
(57, 'Miguel', 'Barcelona', 'España', 1, NULL, NULL, NULL, NULL, '123456', NULL, NULL),
(60, 'AnaMorales', 'Barcelona', 'España', 1, NULL, NULL, NULL, NULL, '123456', NULL, NULL),
(62, 'Vicente', 'Barcelona', 'España', 1, 'funciono!!!', 'Nuevas prefs', NULL, NULL, '123456', NULL, 4),
(66, 'Emilia11', 'Barcelona', 'España', 1, NULL, NULL, NULL, NULL, '123456', NULL, NULL),
(67, 'Denis', 'Barcelona', 'España', 1, NULL, NULL, NULL, NULL, '123456', NULL, NULL);

--
-- Índices para tablas volcadas
--

--
-- Indices de la tabla `canciones`
--
ALTER TABLE `canciones`
  ADD PRIMARY KEY (`id_song`),
  ADD KEY `id_song` (`id_song`);

--
-- Indices de la tabla `favorites`
--
ALTER TABLE `favorites`
  ADD PRIMARY KEY (`id_list`),
  ADD UNIQUE KEY `identification` (`identification`),
  ADD KEY `id_list` (`id_list`),
  ADD KEY `id_user` (`id_user`);

--
-- Indices de la tabla `friends_list`
--
ALTER TABLE `friends_list`
  ADD PRIMARY KEY (`id`),
  ADD KEY `id_friend` (`id_friend`,`id_owner`),
  ADD KEY `id_owner` (`id_owner`);

--
-- Indices de la tabla `friend_request`
--
ALTER TABLE `friend_request`
  ADD PRIMARY KEY (`id`),
  ADD KEY `id_user_src` (`id_user_src`),
  ADD KEY `id_user_target` (`id_user_target`);

--
-- Indices de la tabla `songs_and_list`
--
ALTER TABLE `songs_and_list`
  ADD PRIMARY KEY (`id`),
  ADD KEY `id_song` (`id_song`,`id_list`),
  ADD KEY `id_list` (`id_list`);

--
-- Indices de la tabla `users`
--
ALTER TABLE `users`
  ADD PRIMARY KEY (`id`),
  ADD UNIQUE KEY `name` (`name`),
  ADD KEY `id` (`id`),
  ADD KEY `id_current_play_song` (`id_current_play_song`);

--
-- AUTO_INCREMENT de las tablas volcadas
--

--
-- AUTO_INCREMENT de la tabla `canciones`
--
ALTER TABLE `canciones`
  MODIFY `id_song` bigint(20) NOT NULL AUTO_INCREMENT,AUTO_INCREMENT=76;
--
-- AUTO_INCREMENT de la tabla `favorites`
--
ALTER TABLE `favorites`
  MODIFY `id_list` bigint(20) NOT NULL AUTO_INCREMENT,AUTO_INCREMENT=6;
--
-- AUTO_INCREMENT de la tabla `friends_list`
--
ALTER TABLE `friends_list`
  MODIFY `id` bigint(20) NOT NULL AUTO_INCREMENT;
--
-- AUTO_INCREMENT de la tabla `friend_request`
--
ALTER TABLE `friend_request`
  MODIFY `id` int(11) NOT NULL AUTO_INCREMENT;
--
-- AUTO_INCREMENT de la tabla `songs_and_list`
--
ALTER TABLE `songs_and_list`
  MODIFY `id` bigint(20) NOT NULL AUTO_INCREMENT,AUTO_INCREMENT=14;
--
-- AUTO_INCREMENT de la tabla `users`
--
ALTER TABLE `users`
  MODIFY `id` bigint(20) NOT NULL AUTO_INCREMENT,AUTO_INCREMENT=68;
--
-- Restricciones para tablas volcadas
--

--
-- Filtros para la tabla `favorites`
--
ALTER TABLE `favorites`
  ADD CONSTRAINT `favorites_ibfk_1` FOREIGN KEY (`id_user`) REFERENCES `users` (`id`) ON DELETE CASCADE ON UPDATE CASCADE;

--
-- Filtros para la tabla `friends_list`
--
ALTER TABLE `friends_list`
  ADD CONSTRAINT `friends_list_ibfk_3` FOREIGN KEY (`id_friend`) REFERENCES `users` (`id`) ON DELETE CASCADE ON UPDATE CASCADE,
  ADD CONSTRAINT `friends_list_ibfk_4` FOREIGN KEY (`id_owner`) REFERENCES `users` (`id`) ON DELETE CASCADE ON UPDATE CASCADE;

--
-- Filtros para la tabla `friend_request`
--
ALTER TABLE `friend_request`
  ADD CONSTRAINT `friend_request_ibfk_1` FOREIGN KEY (`id_user_target`) REFERENCES `users` (`id`) ON DELETE CASCADE ON UPDATE CASCADE,
  ADD CONSTRAINT `friend_request_ibfk_2` FOREIGN KEY (`id_user_src`) REFERENCES `users` (`id`) ON DELETE CASCADE ON UPDATE CASCADE;

--
-- Filtros para la tabla `songs_and_list`
--
ALTER TABLE `songs_and_list`
  ADD CONSTRAINT `songs_and_list_ibfk_3` FOREIGN KEY (`id_song`) REFERENCES `canciones` (`id_song`) ON DELETE NO ACTION ON UPDATE CASCADE,
  ADD CONSTRAINT `songs_and_list_ibfk_4` FOREIGN KEY (`id_list`) REFERENCES `favorites` (`id_list`) ON DELETE CASCADE ON UPDATE CASCADE;

--
-- Filtros para la tabla `users`
--
ALTER TABLE `users`
  ADD CONSTRAINT `users_ibfk_1` FOREIGN KEY (`id_current_play_song`) REFERENCES `canciones` (`id_song`) ON DELETE CASCADE ON UPDATE CASCADE;

/*!40101 SET CHARACTER_SET_CLIENT=@OLD_CHARACTER_SET_CLIENT */;
/*!40101 SET CHARACTER_SET_RESULTS=@OLD_CHARACTER_SET_RESULTS */;
/*!40101 SET COLLATION_CONNECTION=@OLD_COLLATION_CONNECTION */;
